path,class,hot_frac,cc_px,cc_frac,p999
C:\ml\agrobot\backgrounds\harvested\Tomato_Early_blight~~029.jpg,Tomato_Early_blight,0.47613525390625,31204,0.47613525390625,48.15080642700195
C:\ml\agrobot\backgrounds\harvested\Tomato_Early_blight~~004.jpg,Tomato_Early_blight,0.5512237548828125,30751,0.4692230224609375,86.44900512695312
C:\ml\agrobot\backgrounds\harvested\Pepper__bell___healthy~~016.jpg,Pepper__bell___healthy,0.465576171875,29923,0.4565887451171875,80.0076675415039
C:\ml\agrobot\backgrounds\harvested\Tomato__Target_Spot~~029.jpg,Tomato__Target_Spot,0.468048095703125,29712,0.453369140625,60.331974029541016
C:\ml\agrobot\backgrounds\harvested\Tomato__Target_Spot~~010.jpg,Tomato__Target_Spot,0.4518585205078125,26909,0.4105987548828125,76.8082046508789
C:\ml\agrobot\backgrounds\harvested\Tomato_Septoria_leaf_spot~~023.jpg,Tomato_Septoria_leaf_spot,0.402557373046875,25691,0.3920135498046875,70.77782440185547
C:\ml\agrobot\backgrounds\harvested\Tomato_Spider_mites_Two_spotted_spider_mite~~030.jpg,Tomato_Spider_mites_Two_spotted_spider_mite,0.377685546875,24720,0.377197265625,73.94254302978516
C:\ml\agrobot\backgrounds\harvested\Tomato_Late_blight~~012.jpg,Tomato_Late_blight,0.3691558837890625,24073,0.3673248291015625,75.04293060302734
C:\ml\agrobot\backgrounds\harvested\Tomato_Spider_mites_Two_spotted_spider_mite~~035.jpg,Tomato_Spider_mites_Two_spotted_spider_mite,0.3651580810546875,22426,0.342193603515625,71.93649291992188
C:\ml\agrobot\backgrounds\harvested\Tomato_Spider_mites_Two_spotted_spider_mite~~037.jpg,Tomato_Spider_mites_Two_spotted_spider_mite,0.3508758544921875,21622,0.329925537109375,57.127052307128906
C:\ml\agrobot\backgrounds\harvested\Tomato__Target_Spot~~018.jpg,Tomato__Target_Spot,0.3279266357421875,21491,0.3279266357421875,64.30609893798828
C:\ml\agrobot\backgrounds\harvested\Tomato_Early_blight~~010.jpg,Tomato_Early_blight,0.322723388671875,19609,0.2992095947265625,33.533565521240234
C:\ml\agrobot\backgrounds\harvested\Tomato_Leaf_Mold~~032.jpg,Tomato_Leaf_Mold,0.29974365234375,19578,0.298736572265625,43.767154693603516
C:\ml\agrobot\backgrounds\harvested\Tomato__Tomato_YellowLeaf__Curl_Virus~~018.jpg,Tomato__Tomato_YellowLeaf__Curl_Virus,0.320892333984375,18888,0.2882080078125,44.05110549926758
C:\ml\agrobot\backgrounds\harvested\Pepper__bell___Bacterial_spot~~036.jpg,Pepper__bell___Bacterial_spot,0.2809600830078125,18413,0.2809600830078125,57.59774398803711
C:\ml\agrobot\backgrounds\harvested\Pepper__bell___healthy~~013.jpg,Pepper__bell___healthy,0.2807159423828125,18266,0.278717041015625,78.16417694091797
C:\ml\agrobot\backgrounds\harvested\Tomato_healthy~~026.jpg,Tomato_healthy,0.270233154296875,17710,0.270233154296875,59.17383575439453
C:\ml\agrobot\backgrounds\harvested\Potato___Late_blight~~007.jpg,Potato___Late_blight,0.2653656005859375,17391,0.2653656005859375,43.60332489013672
C:\ml\agrobot\backgrounds\harvested\Tomato_Late_blight~~025.jpg,Tomato_Late_blight,0.2663116455078125,17388,0.26531982421875,47.76905822753906
C:\ml\agrobot\backgrounds\harvested\Pepper__bell___healthy~~027.jpg,Pepper__bell___healthy,0.4935455322265625,17205,0.2625274658203125,73.65290069580078
C:\ml\agrobot\backgrounds\harvested\Tomato__Target_Spot~~013.jpg,Tomato__Target_Spot,0.2567138671875,16824,0.2567138671875,62.13895797729492
C:\ml\agrobot\backgrounds\harvested\Potato___Early_blight~~018.jpg,Potato___Early_blight,0.241943359375,15856,0.241943359375,72.5172348022461
C:\ml\agrobot\backgrounds\harvested\Tomato__Tomato_YellowLeaf__Curl_Virus~~009.jpg,Tomato__Tomato_YellowLeaf__Curl_Virus,0.2417144775390625,15724,0.23992919921875,35.563323974609375
C:\ml\agrobot\backgrounds\harvested\Potato___Late_blight~~012.jpg,Potato___Late_blight,0.29010009765625,14348,0.21893310546875,40.63865280151367
C:\ml\agrobot\backgrounds\harvested\Pepper__bell___healthy~~033.jpg,Pepper__bell___healthy,0.2154083251953125,14117,0.2154083251953125,40.5958251953125
C:\ml\agrobot\backgrounds\harvested\Tomato__Tomato_YellowLeaf__Curl_Virus~~031.jpg,Tomato__Tomato_YellowLeaf__Curl_Virus,0.3663787841796875,14093,0.2150421142578125,37.15171432495117
C:\ml\agrobot\backgrounds\harvested\Tomato_Septoria_leaf_spot~~033.jpg,Tomato_Septoria_leaf_spot,0.21063232421875,13804,0.21063232421875,43.848175048828125
C:\ml\agrobot\backgrounds\harvested\Tomato__Tomato_YellowLeaf__Curl_Virus~~025.jpg,Tomato__Tomato_YellowLeaf__Curl_Virus,0.2623138427734375,13526,0.206390380859375,49.730648040771484
C:\ml\agrobot\backgrounds\harvested\Potato___Early_blight~~022.jpg,Potato___Early_blight,0.20562744140625,13278,0.202606201171875,56.74123001098633
C:\ml\agrobot\backgrounds\harvested\Tomato_Late_blight~~024.jpg,Tomato_Late_blight,0.219818115234375,12979,0.1980438232421875,37.89542007446289
C:\ml\agrobot\backgrounds\harvested\Tomato_healthy~~027.jpg,Tomato_healthy,0.19793701171875,12972,0.19793701171875,63.55379867553711
C:\ml\agrobot\backgrounds\harvested\Tomato__Tomato_YellowLeaf__Curl_Virus~~033.jpg,Tomato__Tomato_YellowLeaf__Curl_Virus,0.1962738037109375,12846,0.196014404296875,46.0
C:\ml\agrobot\backgrounds\harvested\Tomato_Bacterial_spot~~036.jpg,Tomato_Bacterial_spot,0.2005615234375,12671,0.1933441162109375,37.259334564208984
C:\ml\agrobot\backgrounds\harvested\Tomato_Late_blight~~028.jpg,Tomato_Late_blight,0.1940155029296875,12567,0.1917572021484375,36.619667053222656
C:\ml\agrobot\backgrounds\harvested\Potato___Late_blight~~005.jpg,Potato___Late_blight,0.2049713134765625,12561,0.1916656494140625,45.99464416503906
C:\ml\agrobot\backgrounds\harvested\Tomato_Leaf_Mold~~039.jpg,Tomato_Leaf_Mold,0.192840576171875,12459,0.1901092529296875,35.36240768432617
C:\ml\agrobot\backgrounds\harvested\Tomato_Septoria_leaf_spot~~013.jpg,Tomato_Septoria_leaf_spot,0.202850341796875,12098,0.184600830078125,47.85063171386719
C:\ml\agrobot\backgrounds\harvested\Tomato_Early_blight~~014.jpg,Tomato_Early_blight,0.183746337890625,12042,0.183746337890625,42.868370056152344
C:\ml\agrobot\backgrounds\harvested\Pepper__bell___Bacterial_spot~~010.jpg,Pepper__bell___Bacterial_spot,0.180389404296875,11822,0.180389404296875,56.82209014892578
C:\ml\agrobot\backgrounds\harvested\Tomato__Tomato_YellowLeaf__Curl_Virus~~008.jpg,Tomato__Tomato_YellowLeaf__Curl_Virus,0.1841583251953125,11718,0.178802490234375,44.75209426879883
C:\ml\agrobot\backgrounds\harvested\Tomato_Septoria_leaf_spot~~011.jpg,Tomato_Septoria_leaf_spot,0.1781005859375,11655,0.1778411865234375,36.653785705566406
C:\ml\agrobot\backgrounds\harvested\Tomato_Leaf_Mold~~030.jpg,Tomato_Leaf_Mold,0.199554443359375,11633,0.1775054931640625,44.456626892089844
C:\ml\agrobot\backgrounds\harvested\Tomato_Late_blight~~017.jpg,Tomato_Late_blight,0.1776580810546875,11585,0.1767730712890625,48.046852111816406
C:\ml\agrobot\backgrounds\harvested\Pepper__bell___Bacterial_spot~~016.jpg,Pepper__bell___Bacterial_spot,0.1754913330078125,11501,0.1754913330078125,58.12916564941406
C:\ml\agrobot\backgrounds\harvested\Pepper__bell___healthy~~003.jpg,Pepper__bell___healthy,0.1689453125,10974,0.167449951171875,33.63405990600586
C:\ml\agrobot\backgrounds\harvested\Potato___Early_blight~~036.jpg,Potato___Early_blight,0.1686553955078125,10934,0.166839599609375,62.795082092285156
C:\ml\agrobot\backgrounds\harvested\Potato___Late_blight~~033.jpg,Potato___Late_blight,0.165435791015625,10715,0.1634979248046875,30.5947322845459
C:\ml\agrobot\backgrounds\harvested\Tomato_Early_blight~~000.jpg,Tomato_Early_blight,0.1714630126953125,10603,0.1617889404296875,52.331993103027344
C:\ml\agrobot\backgrounds\harvested\Potato___Early_blight~~011.jpg,Potato___Early_blight,0.181427001953125,10593,0.1616363525390625,41.41205978393555
C:\ml\agrobot\backgrounds\harvested\Tomato_Early_blight~~025.jpg,Tomato_Early_blight,0.20037841796875,10567,0.1612396240234375,64.017578125
C:\ml\agrobot\backgrounds\harvested\Tomato_Early_blight~~030.jpg,Tomato_Early_blight,0.160400390625,10501,0.1602325439453125,49.01443862915039
C:\ml\agrobot\backgrounds\harvested\Potato___Early_blight~~025.jpg,Potato___Early_blight,0.1620330810546875,10493,0.1601104736328125,35.65810012817383
C:\ml\agrobot\backgrounds\harvested\Tomato_Late_blight~~000.jpg,Tomato_Late_blight,0.217254638671875,10478,0.159881591796875,42.711238861083984
C:\ml\agrobot\backgrounds\harvested\Tomato_Early_blight~~018.jpg,Tomato_Early_blight,0.2471923828125,10285,0.1569366455078125,65.87886810302734
C:\ml\agrobot\backgrounds\harvested\Tomato_Septoria_leaf_spot~~030.jpg,Tomato_Septoria_leaf_spot,0.172576904296875,10076,0.15374755859375,41.054840087890625
C:\ml\agrobot\backgrounds\harvested\Tomato_Leaf_Mold~~023.jpg,Tomato_Leaf_Mold,0.166168212890625,10065,0.1535797119140625,48.23380661010742
C:\ml\agrobot\backgrounds\harvested\Tomato_Early_blight~~012.jpg,Tomato_Early_blight,0.1519317626953125,9940,0.15167236328125,40.028114318847656
C:\ml\agrobot\backgrounds\harvested\Tomato_Late_blight~~007.jpg,Tomato_Late_blight,0.1528778076171875,9873,0.1506500244140625,39.52846908569336
C:\ml\agrobot\backgrounds\harvested\Potato___Late_blight~~014.jpg,Potato___Late_blight,0.2038116455078125,9827,0.1499481201171875,30.781047821044922
C:\ml\agrobot\backgrounds\harvested\Pepper__bell___healthy~~031.jpg,Pepper__bell___healthy,0.2316436767578125,9685,0.1477813720703125,42.03921890258789
C:\ml\agrobot\backgrounds\harvested\Potato___Late_blight~~019.jpg,Potato___Late_blight,0.146240234375,9584,0.146240234375,29.193321228027344
C:\ml\agrobot\backgrounds\harvested\Tomato_Bacterial_spot~~025.jpg,Tomato_Bacterial_spot,0.146026611328125,9510,0.145111083984375,34.80215072631836
C:\ml\agrobot\backgrounds\harvested\Tomato_Bacterial_spot~~029.jpg,Tomato_Bacterial_spot,0.137176513671875,8925,0.1361846923828125,37.920738220214844
C:\ml\agrobot\backgrounds\harvested\Tomato__Target_Spot~~006.jpg,Tomato__Target_Spot,0.1375885009765625,8862,0.135223388671875,38.14773941040039
C:\ml\agrobot\backgrounds\harvested\Potato___Late_blight~~010.jpg,Potato___Late_blight,0.1351318359375,8856,0.1351318359375,37.55533981323242
C:\ml\agrobot\backgrounds\harvested\Tomato_Early_blight~~015.jpg,Tomato_Early_blight,0.134674072265625,8810,0.134429931640625,30.74085235595703
C:\ml\agrobot\backgrounds\harvested\Tomato__Tomato_YellowLeaf__Curl_Virus~~006.jpg,Tomato__Tomato_YellowLeaf__Curl_Virus,0.1339874267578125,8781,0.1339874267578125,44.525272369384766
C:\ml\agrobot\backgrounds\harvested\Potato___Late_blight~~034.jpg,Potato___Late_blight,0.13201904296875,8577,0.1308746337890625,32.0
C:\ml\agrobot\backgrounds\harvested\Pepper__bell___Bacterial_spot~~013.jpg,Pepper__bell___Bacterial_spot,0.1395416259765625,8576,0.130859375,41.64982604980469
C:\ml\agrobot\backgrounds\harvested\Tomato_Spider_mites_Two_spotted_spider_mite~~016.jpg,Tomato_Spider_mites_Two_spotted_spider_mite,0.2193450927734375,8573,0.1308135986328125,71.84458923339844
C:\ml\agrobot\backgrounds\harvested\Tomato__Tomato_YellowLeaf__Curl_Virus~~013.jpg,Tomato__Tomato_YellowLeaf__Curl_Virus,0.1297607421875,8504,0.1297607421875,40.08116912841797
C:\ml\agrobot\backgrounds\harvested\Potato___Late_blight~~021.jpg,Potato___Late_blight,0.138763427734375,8467,0.1291961669921875,54.57225799560547
C:\ml\agrobot\backgrounds\harvested\Tomato_Leaf_Mold~~028.jpg,Tomato_Leaf_Mold,0.1291046142578125,8445,0.1288604736328125,33.2377815246582
C:\ml\agrobot\backgrounds\harvested\Tomato__Tomato_YellowLeaf__Curl_Virus~~005.jpg,Tomato__Tomato_YellowLeaf__Curl_Virus,0.1514129638671875,8346,0.127349853515625,43.911842346191406
C:\ml\agrobot\backgrounds\harvested\Tomato_Spider_mites_Two_spotted_spider_mite~~012.jpg,Tomato_Spider_mites_Two_spotted_spider_mite,0.1298065185546875,8327,0.1270599365234375,57.164527893066406
C:\ml\agrobot\backgrounds\harvested\Tomato_Late_blight~~035.jpg,Tomato_Late_blight,0.132598876953125,8323,0.1269989013671875,34.565155029296875
C:\ml\agrobot\backgrounds\harvested\Tomato_Late_blight~~039.jpg,Tomato_Late_blight,0.124725341796875,8107,0.1237030029296875,41.472869873046875
C:\ml\agrobot\backgrounds\harvested\Tomato__Tomato_YellowLeaf__Curl_Virus~~021.jpg,Tomato__Tomato_YellowLeaf__Curl_Virus,0.141448974609375,8076,0.12322998046875,32.101402282714844
C:\ml\agrobot\backgrounds\harvested\Tomato__Tomato_YellowLeaf__Curl_Virus~~015.jpg,Tomato__Tomato_YellowLeaf__Curl_Virus,0.1207427978515625,7851,0.1197967529296875,43.188541412353516
C:\ml\agrobot\backgrounds\harvested\Potato___Late_blight~~002.jpg,Potato___Late_blight,0.12335205078125,7802,0.119049072265625,49.45299530029297
C:\ml\agrobot\backgrounds\harvested\Tomato_Late_blight~~026.jpg,Tomato_Late_blight,0.1267852783203125,7723,0.1178436279296875,67.10626220703125
C:\ml\agrobot\backgrounds\harvested\Tomato_Bacterial_spot~~013.jpg,Tomato_Bacterial_spot,0.1199188232421875,7657,0.1168365478515625,30.017427444458008
C:\ml\agrobot\backgrounds\harvested\Tomato_Spider_mites_Two_spotted_spider_mite~~034.jpg,Tomato_Spider_mites_Two_spotted_spider_mite,0.1147613525390625,7521,0.1147613525390625,44.65378189086914
C:\ml\agrobot\backgrounds\harvested\Tomato_Leaf_Mold~~001.jpg,Tomato_Leaf_Mold,0.1243133544921875,7428,0.11334228515625,50.291648864746094
C:\ml\agrobot\backgrounds\harvested\Pepper__bell___healthy~~010.jpg,Pepper__bell___healthy,0.11541748046875,7360,0.1123046875,30.5941162109375
C:\ml\agrobot\backgrounds\harvested\Tomato_Early_blight~~039.jpg,Tomato_Early_blight,0.129608154296875,7221,0.1101837158203125,35.25620651245117
C:\ml\agrobot\backgrounds\harvested\Tomato__Tomato_YellowLeaf__Curl_Virus~~028.jpg,Tomato__Tomato_YellowLeaf__Curl_Virus,0.123748779296875,7211,0.1100311279296875,27.7398624420166
C:\ml\agrobot\backgrounds\harvested\Tomato__Tomato_YellowLeaf__Curl_Virus~~035.jpg,Tomato__Tomato_YellowLeaf__Curl_Virus,0.15948486328125,7024,0.107177734375,40.112342834472656
C:\ml\agrobot\backgrounds\harvested\Tomato__Tomato_YellowLeaf__Curl_Virus~~026.jpg,Tomato__Tomato_YellowLeaf__Curl_Virus,0.119598388671875,6887,0.1050872802734375,35.90960693359375
C:\ml\agrobot\backgrounds\harvested\Potato___Late_blight~~037.jpg,Potato___Late_blight,0.1439666748046875,6823,0.1041107177734375,33.63913345336914
C:\ml\agrobot\backgrounds\harvested\Tomato_Late_blight~~021.jpg,Tomato_Late_blight,0.1453857421875,6684,0.10198974609375,33.280059814453125
C:\ml\agrobot\backgrounds\harvested\Potato___Early_blight~~014.jpg,Potato___Early_blight,0.1016387939453125,6661,0.1016387939453125,69.91348266601562
C:\ml\agrobot\backgrounds\harvested\Tomato_Bacterial_spot~~019.jpg,Tomato_Bacterial_spot,0.1152191162109375,6495,0.0991058349609375,31.07249641418457
C:\ml\agrobot\backgrounds\harvested\Tomato__Tomato_YellowLeaf__Curl_Virus~~017.jpg,Tomato__Tomato_YellowLeaf__Curl_Virus,0.190093994140625,6401,0.0976715087890625,39.934322357177734
C:\ml\agrobot\backgrounds\harvested\Tomato_Early_blight~~003.jpg,Tomato_Early_blight,0.1031951904296875,6362,0.097076416015625,30.186918258666992
C:\ml\agrobot\backgrounds\harvested\Tomato_healthy~~000.jpg,Tomato_healthy,0.09527587890625,6244,0.09527587890625,47.60563278198242
C:\ml\agrobot\backgrounds\harvested\Potato___Early_blight~~010.jpg,Potato___Early_blight,0.0955657958984375,6231,0.0950775146484375,37.1355094909668
C:\ml\agrobot\backgrounds\harvested\Tomato_Bacterial_spot~~032.jpg,Tomato_Bacterial_spot,0.093658447265625,6121,0.0933990478515625,27.61957359313965
C:\ml\agrobot\backgrounds\harvested\Tomato_Septoria_leaf_spot~~000.jpg,Tomato_Septoria_leaf_spot,0.09454345703125,6115,0.0933074951171875,54.52580642700195
C:\ml\agrobot\backgrounds\harvested\Potato___Late_blight~~028.jpg,Potato___Late_blight,0.094482421875,6112,0.09326171875,36.17037582397461
C:\ml\agrobot\backgrounds\harvested\Tomato_healthy~~012.jpg,Tomato_healthy,0.0913238525390625,5985,0.0913238525390625,55.69114685058594
C:\ml\agrobot\backgrounds\harvested\Pepper__bell___Bacterial_spot~~034.jpg,Pepper__bell___Bacterial_spot,0.1210784912109375,5931,0.0904998779296875,42.38380813598633
C:\ml\agrobot\backgrounds\harvested\Pepper__bell___healthy~~022.jpg,Pepper__bell___healthy,0.0900421142578125,5901,0.0900421142578125,47.023929595947266
C:\ml\agrobot\backgrounds\harvested\Tomato_Septoria_leaf_spot~~006.jpg,Tomato_Septoria_leaf_spot,0.0906829833984375,5833,0.0890045166015625,39.56813049316406
C:\ml\agrobot\backgrounds\harvested\Tomato_Bacterial_spot~~003.jpg,Tomato_Bacterial_spot,0.0887603759765625,5817,0.0887603759765625,30.186918258666992
C:\ml\agrobot\backgrounds\harvested\Pepper__bell___Bacterial_spot~~018.jpg,Pepper__bell___Bacterial_spot,0.0887298583984375,5801,0.0885162353515625,58.76435852050781
C:\ml\agrobot\backgrounds\harvested\Tomato_Septoria_leaf_spot~~010.jpg,Tomato_Septoria_leaf_spot,0.0879058837890625,5761,0.0879058837890625,64.85108184814453
C:\ml\agrobot\backgrounds\harvested\Tomato__Target_Spot~~037.jpg,Tomato__Target_Spot,0.089447021484375,5720,0.0872802734375,41.81252670288086
C:\ml\agrobot\backgrounds\harvested\Tomato__Target_Spot~~009.jpg,Tomato__Target_Spot,0.1048736572265625,5614,0.085662841796875,41.33478927612305
C:\ml\agrobot\backgrounds\harvested\Tomato_Early_blight~~034.jpg,Tomato_Early_blight,0.1366119384765625,5530,0.084381103515625,30.878795623779297
C:\ml\agrobot\backgrounds\harvested\Tomato_Bacterial_spot~~011.jpg,Tomato_Bacterial_spot,0.0858306884765625,5495,0.0838470458984375,28.539445877075195
C:\ml\agrobot\backgrounds\harvested\Tomato_Late_blight~~020.jpg,Tomato_Late_blight,0.141510009765625,5420,0.08270263671875,46.58905792236328
C:\ml\agrobot\backgrounds\harvested\Tomato_Early_blight~~008.jpg,Tomato_Early_blight,0.1134185791015625,5420,0.08270263671875,37.28199768066406
C:\ml\agrobot\backgrounds\harvested\Tomato_Spider_mites_Two_spotted_spider_mite~~000.jpg,Tomato_Spider_mites_Two_spotted_spider_mite,0.127838134765625,5381,0.0821075439453125,47.27969741821289
C:\ml\agrobot\backgrounds\harvested\Tomato_Early_blight~~024.jpg,Tomato_Early_blight,0.1230316162109375,5373,0.0819854736328125,27.08320426940918
C:\ml\agrobot\backgrounds\harvested\Pepper__bell___healthy~~017.jpg,Pepper__bell___healthy,0.0826416015625,5364,0.08184814453125,30.48360252380371
C:\ml\agrobot\backgrounds\harvested\Tomato_Septoria_leaf_spot~~002.jpg,Tomato_Septoria_leaf_spot,0.0854339599609375,5310,0.081024169921875,45.385982513427734
C:\ml\agrobot\backgrounds\harvested\Tomato__Tomato_YellowLeaf__Curl_Virus~~022.jpg,Tomato__Tomato_YellowLeaf__Curl_Virus,0.0953521728515625,5232,0.079833984375,37.75248336791992
C:\ml\agrobot\backgrounds\harvested\Pepper__bell___Bacterial_spot~~012.jpg,Pepper__bell___Bacterial_spot,0.078948974609375,5174,0.078948974609375,25.18842124938965
C:\ml\agrobot\backgrounds\harvested\Tomato__Tomato_YellowLeaf__Curl_Virus~~039.jpg,Tomato__Tomato_YellowLeaf__Curl_Virus,0.14971923828125,5168,0.078857421875,32.85359191894531
C:\ml\agrobot\backgrounds\harvested\Tomato__Target_Spot~~008.jpg,Tomato__Target_Spot,0.0786895751953125,5157,0.0786895751953125,43.86857986450195
C:\ml\agrobot\backgrounds\harvested\Tomato_Bacterial_spot~~012.jpg,Tomato_Bacterial_spot,0.0960540771484375,5033,0.0767974853515625,33.58029556274414
C:\ml\agrobot\backgrounds\harvested\Tomato__Tomato_YellowLeaf__Curl_Virus~~019.jpg,Tomato__Tomato_YellowLeaf__Curl_Virus,0.076751708984375,5030,0.076751708984375,38.32361602783203
C:\ml\agrobot\backgrounds\harvested\Potato___Late_blight~~016.jpg,Potato___Late_blight,0.076690673828125,4967,0.0757904052734375,32.13823699951172
C:\ml\agrobot\backgrounds\harvested\Tomato_Bacterial_spot~~009.jpg,Tomato_Bacterial_spot,0.088592529296875,4830,0.073699951171875,32.58275604248047
C:\ml\agrobot\backgrounds\harvested\Tomato_Leaf_Mold~~010.jpg,Tomato_Leaf_Mold,0.1251068115234375,4809,0.0733795166015625,40.91424560546875
C:\ml\agrobot\backgrounds\harvested\Tomato_Early_blight~~026.jpg,Tomato_Early_blight,0.107421875,4763,0.0726776123046875,60.9455451965332
C:\ml\agrobot\backgrounds\harvested\Potato___Late_blight~~009.jpg,Potato___Late_blight,0.0728759765625,4754,0.072540283203125,34.03307342529297
C:\ml\agrobot\backgrounds\harvested\Potato___Early_blight~~004.jpg,Potato___Early_blight,0.0723876953125,4640,0.07080078125,36.903236389160156
C:\ml\agrobot\backgrounds\harvested\Potato___Early_blight~~007.jpg,Potato___Early_blight,0.0713043212890625,4603,0.0702362060546875,46.03581237792969
C:\ml\agrobot\backgrounds\harvested\Tomato_Bacterial_spot~~030.jpg,Tomato_Bacterial_spot,0.088775634765625,4570,0.069732666015625,32.0
C:\ml\agrobot\backgrounds\harvested\Potato___Late_blight~~026.jpg,Potato___Late_blight,0.0693511962890625,4545,0.0693511962890625,32.63816833496094
C:\ml\agrobot\backgrounds\harvested\Potato___Late_blight~~022.jpg,Potato___Late_blight,0.0732421875,4517,0.0689239501953125,29.172691345214844
C:\ml\agrobot\backgrounds\harvested\Potato___Early_blight~~021.jpg,Potato___Early_blight,0.06829833984375,4476,0.06829833984375,40.028114318847656
C:\ml\agrobot\backgrounds\harvested\Potato___Early_blight~~039.jpg,Potato___Early_blight,0.068023681640625,4458,0.068023681640625,44.339599609375
C:\ml\agrobot\backgrounds\harvested\Tomato_Septoria_leaf_spot~~035.jpg,Tomato_Septoria_leaf_spot,0.08917236328125,4417,0.0673980712890625,67.5240707397461
C:\ml\agrobot\backgrounds\harvested\Tomato_Late_blight~~029.jpg,Tomato_Late_blight,0.067047119140625,4394,0.067047119140625,40.4719123840332
C:\ml\agrobot\backgrounds\harvested\Tomato_Spider_mites_Two_spotted_spider_mite~~023.jpg,Tomato_Spider_mites_Two_spotted_spider_mite,0.0682830810546875,4315,0.0658416748046875,38.93622589111328
C:\ml\agrobot\backgrounds\harvested\Potato___Late_blight~~036.jpg,Potato___Late_blight,0.0658111572265625,4313,0.0658111572265625,42.55923843383789
C:\ml\agrobot\backgrounds\harvested\Pepper__bell___healthy~~038.jpg,Pepper__bell___healthy,0.065521240234375,4294,0.065521240234375,28.578838348388672
C:\ml\agrobot\backgrounds\harvested\Tomato__Tomato_YellowLeaf__Curl_Virus~~002.jpg,Tomato__Tomato_YellowLeaf__Curl_Virus,0.1073455810546875,4237,0.0646514892578125,40.280269622802734
C:\ml\agrobot\backgrounds\harvested\Potato___Late_blight~~011.jpg,Potato___Late_blight,0.0663909912109375,4196,0.06402587890625,29.538110733032227
C:\ml\agrobot\backgrounds\harvested\Tomato_Late_blight~~006.jpg,Tomato_Late_blight,0.1218414306640625,4165,0.0635528564453125,37.65412521362305
C:\ml\agrobot\backgrounds\harvested\Potato___Early_blight~~033.jpg,Potato___Early_blight,0.06451416015625,4146,0.063262939453125,38.77134704589844
C:\ml\agrobot\backgrounds\harvested\Tomato_Leaf_Mold~~014.jpg,Tomato_Leaf_Mold,0.0672760009765625,4144,0.063232421875,29.718042373657227
C:\ml\agrobot\backgrounds\harvested\Tomato__Target_Spot~~014.jpg,Tomato__Target_Spot,0.0727691650390625,4092,0.06243896484375,37.15171432495117
C:\ml\agrobot\backgrounds\harvested\Tomato_Bacterial_spot~~001.jpg,Tomato_Bacterial_spot,0.061431884765625,4026,0.061431884765625,30.186918258666992
C:\ml\agrobot\backgrounds\harvested\Tomato_Bacterial_spot~~028.jpg,Tomato_Bacterial_spot,0.0617523193359375,4025,0.0614166259765625,34.07911682128906
C:\ml\agrobot\backgrounds\harvested\Pepper__bell___Bacterial_spot~~001.jpg,Pepper__bell___Bacterial_spot,0.0757293701171875,3886,0.059295654296875,41.054840087890625
C:\ml\agrobot\backgrounds\harvested\Pepper__bell___Bacterial_spot~~011.jpg,Pepper__bell___Bacterial_spot,0.0588531494140625,3843,0.0586395263671875,79.48270416259766
C:\ml\agrobot\backgrounds\harvested\Tomato_Bacterial_spot~~006.jpg,Tomato_Bacterial_spot,0.060089111328125,3823,0.0583343505859375,29.84124755859375
C:\ml\agrobot\backgrounds\harvested\Potato___Early_blight~~031.jpg,Potato___Early_blight,0.05816650390625,3812,0.05816650390625,45.33537292480469
C:\ml\agrobot\backgrounds\harvested\Tomato_Leaf_Mold~~005.jpg,Tomato_Leaf_Mold,0.057220458984375,3750,0.057220458984375,26.837472915649414
C:\ml\agrobot\backgrounds\harvested\Tomato_Spider_mites_Two_spotted_spider_mite~~006.jpg,Tomato_Spider_mites_Two_spotted_spider_mite,0.0700531005859375,3747,0.0571746826171875,38.13546371459961
C:\ml\agrobot\backgrounds\harvested\Tomato_Bacterial_spot~~016.jpg,Tomato_Bacterial_spot,0.0806884765625,3656,0.0557861328125,36.48006057739258
C:\ml\agrobot\backgrounds\harvested\Potato___Early_blight~~005.jpg,Potato___Early_blight,0.0790252685546875,3630,0.055389404296875,41.381431579589844
C:\ml\agrobot\backgrounds\harvested\Tomato_Bacterial_spot~~018.jpg,Tomato_Bacterial_spot,0.0553436279296875,3627,0.0553436279296875,27.121252059936523
C:\ml\agrobot\backgrounds\harvested\Pepper__bell___Bacterial_spot~~029.jpg,Pepper__bell___Bacterial_spot,0.065704345703125,3542,0.054046630859375,39.581329345703125
C:\ml\agrobot\backgrounds\harvested\Tomato_Early_blight~~019.jpg,Tomato_Early_blight,0.0566253662109375,3518,0.053680419921875,27.784887313842773
C:\ml\agrobot\backgrounds\harvested\Tomato_Early_blight~~011.jpg,Tomato_Early_blight,0.055419921875,3498,0.053375244140625,39.135555267333984
C:\ml\agrobot\backgrounds\harvested\Tomato_Leaf_Mold~~022.jpg,Tomato_Leaf_Mold,0.0585479736328125,3416,0.0521240234375,29.74282455444336
C:\ml\agrobot\backgrounds\harvested\Tomato__Tomato_YellowLeaf__Curl_Virus~~010.jpg,Tomato__Tomato_YellowLeaf__Curl_Virus,0.0885772705078125,3398,0.051849365234375,31.729324340820312
C:\ml\agrobot\backgrounds\harvested\Tomato_Late_blight~~036.jpg,Tomato_Late_blight,0.06988525390625,3292,0.05023193359375,42.02489471435547
C:\ml\agrobot\backgrounds\harvested\Potato___Late_blight~~030.jpg,Potato___Late_blight,0.06414794921875,3276,0.04998779296875,28.69122886657715
C:\ml\agrobot\backgrounds\harvested\Tomato_Leaf_Mold~~026.jpg,Tomato_Leaf_Mold,0.0514678955078125,3213,0.0490264892578125,36.14401626586914
C:\ml\agrobot\backgrounds\harvested\Tomato_Spider_mites_Two_spotted_spider_mite~~027.jpg,Tomato_Spider_mites_Two_spotted_spider_mite,0.0611114501953125,3208,0.0489501953125,42.05353546142578
C:\ml\agrobot\backgrounds\harvested\Tomato_Late_blight~~011.jpg,Tomato_Late_blight,0.0808563232421875,3196,0.04876708984375,32.51922607421875
C:\ml\agrobot\backgrounds\harvested\Tomato__Target_Spot~~032.jpg,Tomato__Target_Spot,0.0584259033203125,3190,0.048675537109375,43.58769607543945
C:\ml\agrobot\backgrounds\harvested\Tomato_Septoria_leaf_spot~~024.jpg,Tomato_Septoria_leaf_spot,0.0823516845703125,3165,0.0482940673828125,34.547733306884766
C:\ml\agrobot\backgrounds\harvested\Potato___Early_blight~~020.jpg,Potato___Early_blight,0.0480499267578125,3138,0.047882080078125,38.5
C:\ml\agrobot\backgrounds\harvested\Tomato_Bacterial_spot~~020.jpg,Tomato_Bacterial_spot,0.0470123291015625,3064,0.0467529296875,24.545875549316406
C:\ml\agrobot\backgrounds\harvested\Tomato__Tomato_YellowLeaf__Curl_Virus~~032.jpg,Tomato__Tomato_YellowLeaf__Curl_Virus,0.07940673828125,3062,0.046722412109375,34.441871643066406
C:\ml\agrobot\backgrounds\harvested\Tomato__Target_Spot~~001.jpg,Tomato__Target_Spot,0.0463409423828125,3037,0.0463409423828125,32.569156646728516
C:\ml\agrobot\backgrounds\harvested\Tomato__Tomato_YellowLeaf__Curl_Virus~~029.jpg,Tomato__Tomato_YellowLeaf__Curl_Virus,0.071014404296875,3000,0.0457763671875,36.62308120727539
C:\ml\agrobot\backgrounds\harvested\Tomato__Tomato_YellowLeaf__Curl_Virus~~024.jpg,Tomato__Tomato_YellowLeaf__Curl_Virus,0.0541534423828125,3000,0.0457763671875,32.051456451416016
C:\ml\agrobot\backgrounds\harvested\Potato___Late_blight~~003.jpg,Potato___Late_blight,0.052581787109375,2960,0.045166015625,40.721317291259766
C:\ml\agrobot\backgrounds\harvested\Tomato_Spider_mites_Two_spotted_spider_mite~~011.jpg,Tomato_Spider_mites_Two_spotted_spider_mite,0.0441741943359375,2895,0.0441741943359375,38.1003532409668
C:\ml\agrobot\backgrounds\harvested\Pepper__bell___healthy~~008.jpg,Pepper__bell___healthy,0.0437469482421875,2867,0.0437469482421875,29.851612091064453
C:\ml\agrobot\backgrounds\harvested\Tomato_Septoria_leaf_spot~~003.jpg,Tomato_Septoria_leaf_spot,0.043548583984375,2854,0.043548583984375,41.66740417480469
C:\ml\agrobot\backgrounds\harvested\Tomato__Tomato_YellowLeaf__Curl_Virus~~037.jpg,Tomato__Tomato_YellowLeaf__Curl_Virus,0.083892822265625,2820,0.04302978515625,39.41446304321289
C:\ml\agrobot\backgrounds\harvested\Tomato_Spider_mites_Two_spotted_spider_mite~~003.jpg,Tomato_Spider_mites_Two_spotted_spider_mite,0.0657958984375,2800,0.042724609375,45.07141876220703
C:\ml\agrobot\backgrounds\harvested\Tomato__Target_Spot~~015.jpg,Tomato__Target_Spot,0.0513916015625,2772,0.04229736328125,41.311466217041016
C:\ml\agrobot\backgrounds\harvested\Tomato_Early_blight~~020.jpg,Tomato_Early_blight,0.066741943359375,2724,0.04156494140625,32.156585693359375
C:\ml\agrobot\backgrounds\harvested\Tomato_Late_blight~~009.jpg,Tomato_Late_blight,0.0927886962890625,2658,0.040557861328125,43.10734558105469
C:\ml\agrobot\backgrounds\harvested\Potato___Early_blight~~013.jpg,Potato___Early_blight,0.04052734375,2656,0.04052734375,35.54639434814453
C:\ml\agrobot\backgrounds\harvested\Tomato_Spider_mites_Two_spotted_spider_mite~~002.jpg,Tomato_Spider_mites_Two_spotted_spider_mite,0.040374755859375,2646,0.040374755859375,39.05765151977539
C:\ml\agrobot\backgrounds\harvested\Potato___Late_blight~~015.jpg,Potato___Late_blight,0.0486297607421875,2633,0.0401763916015625,40.140377044677734
C:\ml\agrobot\backgrounds\harvested\Tomato_Late_blight~~018.jpg,Tomato_Late_blight,0.066864013671875,2564,0.03912353515625,32.037113189697266
C:\ml\agrobot\backgrounds\harvested\Potato___Early_blight~~029.jpg,Potato___Early_blight,0.0401153564453125,2562,0.039093017578125,40.66241455078125
C:\ml\agrobot\backgrounds\harvested\Tomato__Tomato_YellowLeaf__Curl_Virus~~020.jpg,Tomato__Tomato_YellowLeaf__Curl_Virus,0.0466766357421875,2558,0.039031982421875,27.67670440673828
C:\ml\agrobot\backgrounds\harvested\Tomato__Tomato_YellowLeaf__Curl_Virus~~034.jpg,Tomato__Tomato_YellowLeaf__Curl_Virus,0.041717529296875,2535,0.0386810302734375,26.66927146911621
C:\ml\agrobot\backgrounds\harvested\Tomato_Bacterial_spot~~039.jpg,Tomato_Bacterial_spot,0.045654296875,2453,0.0374298095703125,29.576173782348633
C:\ml\agrobot\backgrounds\harvested\Tomato_Bacterial_spot~~002.jpg,Tomato_Bacterial_spot,0.046661376953125,2394,0.036529541015625,28.578838348388672
C:\ml\agrobot\backgrounds\harvested\Tomato_Late_blight~~002.jpg,Tomato_Late_blight,0.049530029296875,2339,0.0356903076171875,35.31996536254883
C:\ml\agrobot\backgrounds\harvested\Tomato_healthy~~013.jpg,Tomato_healthy,0.0352783203125,2312,0.0352783203125,51.91885757446289
C:\ml\agrobot\backgrounds\harvested\Pepper__bell___healthy~~032.jpg,Pepper__bell___healthy,0.0347137451171875,2275,0.0347137451171875,42.13371658325195
C:\ml\agrobot\backgrounds\harvested\Pepper__bell___healthy~~029.jpg,Pepper__bell___healthy,0.0437164306640625,2256,0.034423828125,33.356590270996094
C:\ml\agrobot\backgrounds\harvested\Tomato_Spider_mites_Two_spotted_spider_mite~~021.jpg,Tomato_Spider_mites_Two_spotted_spider_mite,0.036376953125,2251,0.0343475341796875,49.5166130065918
C:\ml\agrobot\backgrounds\harvested\Tomato_Spider_mites_Two_spotted_spider_mite~~001.jpg,Tomato_Spider_mites_Two_spotted_spider_mite,0.0594024658203125,2239,0.0341644287109375,36.0
C:\ml\agrobot\backgrounds\harvested\Tomato_Leaf_Mold~~011.jpg,Tomato_Leaf_Mold,0.0416107177734375,2215,0.0337982177734375,29.142681121826172
C:\ml\agrobot\backgrounds\harvested\Tomato_healthy~~001.jpg,Tomato_healthy,0.0348358154296875,2201,0.0335845947265625,50.344356536865234
C:\ml\agrobot\backgrounds\harvested\Tomato_Early_blight~~027.jpg,Tomato_Early_blight,0.0547943115234375,2200,0.0335693359375,28.18687629699707
C:\ml\agrobot\backgrounds\harvested\Tomato_healthy~~036.jpg,Tomato_healthy,0.0338134765625,2179,0.0332489013671875,49.86427307128906
C:\ml\agrobot\backgrounds\harvested\Potato___Late_blight~~029.jpg,Potato___Late_blight,0.0324554443359375,2127,0.0324554443359375,33.6674919128418
C:\ml\agrobot\backgrounds\harvested\Tomato_Bacterial_spot~~027.jpg,Tomato_Bacterial_spot,0.0324554443359375,2127,0.0324554443359375,23.547822952270508
C:\ml\agrobot\backgrounds\harvested\Tomato_Bacterial_spot~~034.jpg,Tomato_Bacterial_spot,0.0370941162109375,2121,0.0323638916015625,27.041635513305664
C:\ml\agrobot\backgrounds\harvested\Tomato_Spider_mites_Two_spotted_spider_mite~~020.jpg,Tomato_Spider_mites_Two_spotted_spider_mite,0.04913330078125,2072,0.0316162109375,42.13371658325195
C:\ml\agrobot\backgrounds\harvested\Tomato_Septoria_leaf_spot~~009.jpg,Tomato_Septoria_leaf_spot,0.033050537109375,2034,0.031036376953125,42.181156158447266
C:\ml\agrobot\backgrounds\harvested\Tomato_Spider_mites_Two_spotted_spider_mite~~032.jpg,Tomato_Spider_mites_Two_spotted_spider_mite,0.037261962890625,2030,0.030975341796875,42.63214874267578
C:\ml\agrobot\backgrounds\harvested\Tomato_Spider_mites_Two_spotted_spider_mite~~007.jpg,Tomato_Spider_mites_Two_spotted_spider_mite,0.03912353515625,1987,0.0303192138671875,36.06244659423828
C:\ml\agrobot\backgrounds\harvested\Tomato__Tomato_mosaic_virus~~005.jpg,Tomato__Tomato_mosaic_virus,0.030181884765625,1978,0.030181884765625,44.860897064208984
C:\ml\agrobot\backgrounds\harvested\Tomato__Tomato_YellowLeaf__Curl_Virus~~014.jpg,Tomato__Tomato_YellowLeaf__Curl_Virus,0.03033447265625,1964,0.02996826171875,25.044960021972656
C:\ml\agrobot\backgrounds\harvested\Potato___Early_blight~~008.jpg,Potato___Early_blight,0.0590362548828125,1948,0.02972412109375,60.04728698730469
C:\ml\agrobot\backgrounds\harvested\Tomato_Early_blight~~022.jpg,Tomato_Early_blight,0.0297088623046875,1947,0.0297088623046875,26.02402687072754
C:\ml\agrobot\backgrounds\harvested\Tomato_healthy~~038.jpg,Tomato_healthy,0.0589599609375,1928,0.0294189453125,44.5108757019043
C:\ml\agrobot\backgrounds\harvested\Tomato__Tomato_YellowLeaf__Curl_Virus~~012.jpg,Tomato__Tomato_YellowLeaf__Curl_Virus,0.03009033203125,1926,0.029388427734375,31.642534255981445
C:\ml\agrobot\backgrounds\harvested\Tomato_healthy~~034.jpg,Tomato_healthy,0.029449462890625,1872,0.028564453125,51.93510055541992
C:\ml\agrobot\backgrounds\harvested\Tomato_healthy~~016.jpg,Tomato_healthy,0.027587890625,1808,0.027587890625,53.53404998779297
C:\ml\agrobot\backgrounds\harvested\Potato___Late_blight~~000.jpg,Potato___Late_blight,0.032318115234375,1795,0.0273895263671875,28.5760555267334
C:\ml\agrobot\backgrounds\harvested\Pepper__bell___healthy~~006.jpg,Pepper__bell___healthy,0.04510498046875,1762,0.026885986328125,30.536863327026367
C:\ml\agrobot\backgrounds\harvested\Tomato__Target_Spot~~011.jpg,Tomato__Target_Spot,0.02679443359375,1756,0.02679443359375,34.869564056396484
C:\ml\agrobot\backgrounds\harvested\Tomato__Target_Spot~~025.jpg,Tomato__Target_Spot,0.0273284912109375,1727,0.0263519287109375,34.46118927001953
C:\ml\agrobot\backgrounds\harvested\Pepper__bell___Bacterial_spot~~028.jpg,Pepper__bell___Bacterial_spot,0.026336669921875,1726,0.026336669921875,66.72518157958984
C:\ml\agrobot\backgrounds\harvested\Tomato_Bacterial_spot~~017.jpg,Tomato_Bacterial_spot,0.0329132080078125,1689,0.0257720947265625,25.5
C:\ml\agrobot\backgrounds\harvested\Tomato_Early_blight~~007.jpg,Tomato_Early_blight,0.0489349365234375,1680,0.025634765625,47.86504364013672
C:\ml\agrobot\backgrounds\harvested\Tomato_Bacterial_spot~~024.jpg,Tomato_Bacterial_spot,0.0371856689453125,1644,0.02508544921875,28.445934295654297
C:\ml\agrobot\backgrounds\harvested\Tomato_Bacterial_spot~~004.jpg,Tomato_Bacterial_spot,0.024932861328125,1634,0.024932861328125,24.1867733001709
C:\ml\agrobot\backgrounds\harvested\Pepper__bell___Bacterial_spot~~006.jpg,Pepper__bell___Bacterial_spot,0.0522308349609375,1557,0.0237579345703125,65.41788482666016
C:\ml\agrobot\backgrounds\harvested\Pepper__bell___healthy~~035.jpg,Pepper__bell___healthy,0.0232391357421875,1523,0.0232391357421875,60.437984466552734
C:\ml\agrobot\backgrounds\harvested\Tomato_Early_blight~~037.jpg,Tomato_Early_blight,0.024658203125,1512,0.0230712890625,25.91331672668457
C:\ml\agrobot\backgrounds\harvested\Tomato_Leaf_Mold~~004.jpg,Tomato_Leaf_Mold,0.02435302734375,1489,0.0227203369140625,27.48960304260254
C:\ml\agrobot\backgrounds\harvested\Tomato_Leaf_Mold~~033.jpg,Tomato_Leaf_Mold,0.025482177734375,1486,0.022674560546875,48.203853607177734
C:\ml\agrobot\backgrounds\harvested\Tomato_Bacterial_spot~~033.jpg,Tomato_Bacterial_spot,0.02996826171875,1458,0.022247314453125,28.080242156982422
C:\ml\agrobot\backgrounds\harvested\Tomato_healthy~~037.jpg,Tomato_healthy,0.02520751953125,1424,0.021728515625,58.70846176147461
C:\ml\agrobot\backgrounds\harvested\Pepper__bell___Bacterial_spot~~000.jpg,Pepper__bell___Bacterial_spot,0.0220489501953125,1403,0.0214080810546875,33.56709671020508
C:\ml\agrobot\backgrounds\harvested\Tomato_Bacterial_spot~~023.jpg,Tomato_Bacterial_spot,0.022125244140625,1396,0.02130126953125,28.398942947387695
C:\ml\agrobot\backgrounds\harvested\Tomato_Septoria_leaf_spot~~022.jpg,Tomato_Septoria_leaf_spot,0.0551300048828125,1374,0.020965576171875,27.540878295898438
C:\ml\agrobot\backgrounds\harvested\Tomato_Late_blight~~030.jpg,Tomato_Late_blight,0.0414276123046875,1350,0.020599365234375,47.043582916259766
C:\ml\agrobot\backgrounds\harvested\Potato___healthy~~027.jpg,Potato___healthy,0.0197601318359375,1295,0.0197601318359375,49.88486862182617
C:\ml\agrobot\backgrounds\harvested\Tomato_Late_blight~~019.jpg,Tomato_Late_blight,0.019989013671875,1294,0.019744873046875,27.0
C:\ml\agrobot\backgrounds\harvested\Potato___healthy~~026.jpg,Potato___healthy,0.0201416015625,1246,0.019012451171875,33.13608169555664
C:\ml\agrobot\backgrounds\harvested\Tomato_Late_blight~~022.jpg,Tomato_Late_blight,0.05474853515625,1230,0.018768310546875,42.90646743774414
C:\ml\agrobot\backgrounds\harvested\Tomato_Bacterial_spot~~008.jpg,Tomato_Bacterial_spot,0.0192108154296875,1211,0.0184783935546875,24.046829223632812
C:\ml\agrobot\backgrounds\harvested\Tomato_Spider_mites_Two_spotted_spider_mite~~004.jpg,Tomato_Spider_mites_Two_spotted_spider_mite,0.0175018310546875,1147,0.0175018310546875,37.34483337402344
C:\ml\agrobot\backgrounds\harvested\Tomato_healthy~~014.jpg,Tomato_healthy,0.0174407958984375,1143,0.0174407958984375,47.60563278198242
C:\ml\agrobot\backgrounds\harvested\Tomato__Target_Spot~~036.jpg,Tomato__Target_Spot,0.0215911865234375,1104,0.016845703125,37.56402587890625
C:\ml\agrobot\backgrounds\harvested\Tomato_Septoria_leaf_spot~~017.jpg,Tomato_Septoria_leaf_spot,0.019989013671875,1073,0.0163726806640625,54.22407150268555
C:\ml\agrobot\backgrounds\harvested\Tomato_Spider_mites_Two_spotted_spider_mite~~017.jpg,Tomato_Spider_mites_Two_spotted_spider_mite,0.02349853515625,1052,0.01605224609375,32.68151092529297
C:\ml\agrobot\backgrounds\harvested\Tomato__Tomato_mosaic_virus~~015.jpg,Tomato__Tomato_mosaic_virus,0.0201568603515625,1029,0.0157012939453125,37.543922424316406
C:\ml\agrobot\backgrounds\harvested\Pepper__bell___Bacterial_spot~~007.jpg,Pepper__bell___Bacterial_spot,0.0174560546875,1006,0.015350341796875,45.11148452758789
C:\ml\agrobot\backgrounds\harvested\Tomato_Spider_mites_Two_spotted_spider_mite~~013.jpg,Tomato_Spider_mites_Two_spotted_spider_mite,0.0258941650390625,1000,0.0152587890625,41.770206451416016
C:\ml\agrobot\backgrounds\harvested\Tomato_Late_blight~~027.jpg,Tomato_Late_blight,0.02239990234375,994,0.015167236328125,31.027238845825195
C:\ml\agrobot\backgrounds\harvested\Pepper__bell___healthy~~001.jpg,Pepper__bell___healthy,0.01495361328125,980,0.01495361328125,78.18887329101562
C:\ml\agrobot\backgrounds\harvested\Tomato_Late_blight~~005.jpg,Tomato_Late_blight,0.023529052734375,887,0.0135345458984375,29.538110733032227
C:\ml\agrobot\backgrounds\harvested\Tomato_Spider_mites_Two_spotted_spider_mite~~028.jpg,Tomato_Spider_mites_Two_spotted_spider_mite,0.0141754150390625,885,0.0135040283203125,32.569156646728516
C:\ml\agrobot\backgrounds\harvested\Tomato_Bacterial_spot~~014.jpg,Tomato_Bacterial_spot,0.01348876953125,884,0.01348876953125,23.5
C:\ml\agrobot\backgrounds\harvested\Tomato__Tomato_mosaic_virus~~027.jpg,Tomato__Tomato_mosaic_virus,0.0132293701171875,867,0.0132293701171875,45.32799530029297
C:\ml\agrobot\backgrounds\harvested\Tomato__Tomato_YellowLeaf__Curl_Virus~~001.jpg,Tomato__Tomato_YellowLeaf__Curl_Virus,0.0142669677734375,866,0.013214111328125,24.372116088867188
C:\ml\agrobot\backgrounds\harvested\Tomato_Bacterial_spot~~038.jpg,Tomato_Bacterial_spot,0.0143890380859375,854,0.013031005859375,28.0
C:\ml\agrobot\backgrounds\harvested\Tomato_Late_blight~~037.jpg,Tomato_Late_blight,0.0164337158203125,849,0.0129547119140625,29.43867301940918
C:\ml\agrobot\backgrounds\harvested\Tomato_Spider_mites_Two_spotted_spider_mite~~005.jpg,Tomato_Spider_mites_Two_spotted_spider_mite,0.0221099853515625,844,0.01287841796875,36.69107437133789
C:\ml\agrobot\backgrounds\harvested\Tomato__Tomato_mosaic_virus~~032.jpg,Tomato__Tomato_mosaic_virus,0.02484130859375,839,0.0128021240234375,47.594642639160156
C:\ml\agrobot\backgrounds\harvested\Tomato_Early_blight~~036.jpg,Tomato_Early_blight,0.0126800537109375,831,0.0126800537109375,26.2154541015625
C:\ml\agrobot\backgrounds\harvested\Tomato__Target_Spot~~007.jpg,Tomato__Target_Spot,0.01580810546875,818,0.012481689453125,37.07271957397461
C:\ml\agrobot\backgrounds\harvested\Tomato_Leaf_Mold~~017.jpg,Tomato_Leaf_Mold,0.0232696533203125,809,0.0123443603515625,47.05131149291992
C:\ml\agrobot\backgrounds\harvested\Potato___Early_blight~~027.jpg,Potato___Early_blight,0.0182037353515625,779,0.0118865966796875,28.957426071166992
C:\ml\agrobot\backgrounds\harvested\Tomato_Early_blight~~032.jpg,Tomato_Early_blight,0.0207061767578125,746,0.011383056640625,23.958297729492188
C:\ml\agrobot\backgrounds\harvested\Pepper__bell___healthy~~024.jpg,Pepper__bell___healthy,0.0110321044921875,723,0.0110321044921875,88.07666778564453
C:\ml\agrobot\backgrounds\harvested\Tomato__Target_Spot~~019.jpg,Tomato__Target_Spot,0.011016845703125,701,0.0106964111328125,44.05110549926758
C:\ml\agrobot\backgrounds\harvested\Tomato_Bacterial_spot~~026.jpg,Tomato_Bacterial_spot,0.0106201171875,696,0.0106201171875,27.699277877807617
C:\ml\agrobot\backgrounds\harvested\Potato___Early_blight~~024.jpg,Potato___Early_blight,0.02276611328125,695,0.0106048583984375,35.54639434814453
C:\ml\agrobot\backgrounds\harvested\Pepper__bell___Bacterial_spot~~004.jpg,Pepper__bell___Bacterial_spot,0.012359619140625,691,0.0105438232421875,50.35871505737305
C:\ml\agrobot\backgrounds\harvested\Tomato__Target_Spot~~028.jpg,Tomato__Target_Spot,0.0120697021484375,690,0.010528564453125,36.91083908081055
C:\ml\agrobot\backgrounds\harvested\Tomato_Bacterial_spot~~007.jpg,Tomato_Bacterial_spot,0.011627197265625,688,0.010498046875,26.58477020263672
C:\ml\agrobot\backgrounds\harvested\Pepper__bell___healthy~~039.jpg,Pepper__bell___healthy,0.0100250244140625,657,0.0100250244140625,78.87173461914062
C:\ml\agrobot\backgrounds\harvested\Potato___healthy~~017.jpg,Potato___healthy,0.0097198486328125,637,0.0097198486328125,46.99432373046875
C:\ml\agrobot\backgrounds\harvested\Tomato_Spider_mites_Two_spotted_spider_mite~~026.jpg,Tomato_Spider_mites_Two_spotted_spider_mite,0.0095367431640625,614,0.009368896484375,42.387657165527344
C:\ml\agrobot\backgrounds\harvested\Tomato__Target_Spot~~026.jpg,Tomato__Target_Spot,0.0092315673828125,605,0.0092315673828125,31.016864776611328
C:\ml\agrobot\backgrounds\harvested\Tomato_Late_blight~~023.jpg,Tomato_Late_blight,0.0160064697265625,546,0.008331298828125,41.63532257080078
C:\ml\agrobot\backgrounds\harvested\Potato___Late_blight~~001.jpg,Potato___Late_blight,0.013275146484375,532,0.00811767578125,33.78307342529297
C:\ml\agrobot\backgrounds\harvested\Tomato_Bacterial_spot~~037.jpg,Tomato_Bacterial_spot,0.008819580078125,518,0.007904052734375,28.160255432128906
C:\ml\agrobot\backgrounds\harvested\Tomato__Tomato_mosaic_virus~~039.jpg,Tomato__Tomato_mosaic_virus,0.022674560546875,494,0.007537841796875,44.9254150390625
C:\ml\agrobot\backgrounds\harvested\Pepper__bell___healthy~~011.jpg,Pepper__bell___healthy,0.0082244873046875,483,0.0073699951171875,40.94508361816406
C:\ml\agrobot\backgrounds\harvested\Pepper__bell___Bacterial_spot~~037.jpg,Pepper__bell___Bacterial_spot,0.0090484619140625,469,0.0071563720703125,44.677555084228516
C:\ml\agrobot\backgrounds\harvested\Potato___Early_blight~~016.jpg,Potato___Early_blight,0.0070343017578125,461,0.0070343017578125,38.0433464050293
C:\ml\agrobot\backgrounds\harvested\Potato___Early_blight~~006.jpg,Potato___Early_blight,0.0086669921875,455,0.0069427490234375,37.060760498046875
C:\ml\agrobot\backgrounds\harvested\Tomato__Tomato_mosaic_virus~~033.jpg,Tomato__Tomato_mosaic_virus,0.007415771484375,447,0.0068206787109375,44.806846618652344
C:\ml\agrobot\backgrounds\harvested\Pepper__bell___healthy~~002.jpg,Pepper__bell___healthy,0.00732421875,445,0.0067901611328125,31.264568328857422
C:\ml\agrobot\backgrounds\harvested\Tomato_healthy~~011.jpg,Tomato_healthy,0.006744384765625,442,0.006744384765625,49.64511489868164
C:\ml\agrobot\backgrounds\harvested\Potato___healthy~~032.jpg,Potato___healthy,0.006439208984375,422,0.006439208984375,57.27546691894531
C:\ml\agrobot\backgrounds\harvested\Potato___healthy~~031.jpg,Potato___healthy,0.0063018798828125,413,0.0063018798828125,62.01007843017578
C:\ml\agrobot\backgrounds\harvested\Pepper__bell___healthy~~015.jpg,Pepper__bell___healthy,0.0147247314453125,412,0.00628662109375,28.578838348388672
C:\ml\agrobot\backgrounds\harvested\Tomato_Early_blight~~009.jpg,Tomato_Early_blight,0.0063629150390625,395,0.0060272216796875,30.186918258666992
C:\ml\agrobot\backgrounds\harvested\Tomato__Tomato_mosaic_virus~~028.jpg,Tomato__Tomato_mosaic_virus,0.005645751953125,370,0.005645751953125,49.11433792114258
C:\ml\agrobot\backgrounds\harvested\Pepper__bell___healthy~~030.jpg,Pepper__bell___healthy,0.0060272216796875,367,0.0055999755859375,88.35298156738281
C:\ml\agrobot\backgrounds\harvested\Tomato_Early_blight~~035.jpg,Tomato_Early_blight,0.0155181884765625,359,0.0054779052734375,30.693340301513672
C:\ml\agrobot\backgrounds\harvested\Tomato_Septoria_leaf_spot~~005.jpg,Tomato_Septoria_leaf_spot,0.011444091796875,358,0.005462646484375,48.29854965209961
C:\ml\agrobot\backgrounds\harvested\Tomato__Tomato_YellowLeaf__Curl_Virus~~007.jpg,Tomato__Tomato_YellowLeaf__Curl_Virus,0.0078125,356,0.00543212890625,25.382801055908203
C:\ml\agrobot\backgrounds\harvested\Tomato__Tomato_mosaic_virus~~008.jpg,Tomato__Tomato_mosaic_virus,0.00531005859375,348,0.00531005859375,45.12482833862305
C:\ml\agrobot\backgrounds\harvested\Tomato_Late_blight~~010.jpg,Tomato_Late_blight,0.0052337646484375,324,0.00494384765625,26.48181915283203
C:\ml\agrobot\backgrounds\harvested\Potato___Late_blight~~023.jpg,Potato___Late_blight,0.004913330078125,322,0.004913330078125,25.096786499023438
C:\ml\agrobot\backgrounds\harvested\Tomato_healthy~~029.jpg,Tomato_healthy,0.0047760009765625,313,0.0047760009765625,49.45705032348633
C:\ml\agrobot\backgrounds\harvested\Tomato__Tomato_mosaic_virus~~034.jpg,Tomato__Tomato_mosaic_virus,0.0121307373046875,312,0.0047607421875,39.783790588378906
C:\ml\agrobot\backgrounds\harvested\Tomato_Late_blight~~015.jpg,Tomato_Late_blight,0.005096435546875,290,0.004425048828125,25.0
C:\ml\agrobot\backgrounds\harvested\Potato___Early_blight~~015.jpg,Potato___Early_blight,0.0042266845703125,277,0.0042266845703125,32.47528839111328
C:\ml\agrobot\backgrounds\harvested\Tomato_Septoria_leaf_spot~~038.jpg,Tomato_Septoria_leaf_spot,0.0039825439453125,261,0.0039825439453125,40.527767181396484
C:\ml\agrobot\backgrounds\harvested\Pepper__bell___Bacterial_spot~~033.jpg,Pepper__bell___Bacterial_spot,0.0039215087890625,257,0.0039215087890625,34.06611251831055
C:\ml\agrobot\backgrounds\harvested\Tomato__Tomato_YellowLeaf__Curl_Virus~~030.jpg,Tomato__Tomato_YellowLeaf__Curl_Virus,0.0037994384765625,249,0.0037994384765625,39.833946228027344
C:\ml\agrobot\backgrounds\harvested\Tomato_Late_blight~~003.jpg,Tomato_Late_blight,0.003662109375,240,0.003662109375,61.353485107421875
C:\ml\agrobot\backgrounds\harvested\Tomato_Early_blight~~031.jpg,Tomato_Early_blight,0.0034637451171875,227,0.0034637451171875,26.977191925048828
C:\ml\agrobot\backgrounds\harvested\Tomato_healthy~~039.jpg,Tomato_healthy,0.00372314453125,222,0.003387451171875,44.907684326171875
C:\ml\agrobot\backgrounds\harvested\Tomato__Tomato_YellowLeaf__Curl_Virus~~000.jpg,Tomato__Tomato_YellowLeaf__Curl_Virus,0.003448486328125,215,0.0032806396484375,22.59977912902832
C:\ml\agrobot\backgrounds\harvested\Tomato__Tomato_mosaic_virus~~037.jpg,Tomato__Tomato_mosaic_virus,0.0050048828125,215,0.0032806396484375,48.615840911865234
C:\ml\agrobot\backgrounds\harvested\Tomato_Late_blight~~034.jpg,Tomato_Late_blight,0.0057373046875,210,0.003204345703125,27.540878295898438
C:\ml\agrobot\backgrounds\harvested\Tomato_Bacterial_spot~~010.jpg,Tomato_Bacterial_spot,0.0031890869140625,209,0.0031890869140625,30.0
C:\ml\agrobot\backgrounds\harvested\Tomato_Late_blight~~013.jpg,Tomato_Late_blight,0.0059356689453125,204,0.00311279296875,26.58225440979004
C:\ml\agrobot\backgrounds\harvested\Tomato__Target_Spot~~023.jpg,Tomato__Target_Spot,0.007965087890625,195,0.0029754638671875,35.5
C:\ml\agrobot\backgrounds\harvested\Tomato_Late_blight~~016.jpg,Tomato_Late_blight,0.0047760009765625,192,0.0029296875,28.5
C:\ml\agrobot\backgrounds\harvested\Tomato__Target_Spot~~000.jpg,Tomato__Target_Spot,0.00360107421875,188,0.00286865234375,50.108367919921875
C:\ml\agrobot\backgrounds\harvested\Potato___healthy~~024.jpg,Potato___healthy,0.00286865234375,188,0.00286865234375,37.52998733520508
C:\ml\agrobot\backgrounds\harvested\Tomato_Late_blight~~033.jpg,Tomato_Late_blight,0.0028533935546875,187,0.0028533935546875,33.21725845336914
C:\ml\agrobot\backgrounds\harvested\Tomato_Bacterial_spot~~031.jpg,Tomato_Bacterial_spot,0.00335693359375,187,0.0028533935546875,28.160255432128906
C:\ml\agrobot\backgrounds\harvested\Tomato_Spider_mites_Two_spotted_spider_mite~~018.jpg,Tomato_Spider_mites_Two_spotted_spider_mite,0.0031890869140625,187,0.0028533935546875,44.04750061035156
C:\ml\agrobot\backgrounds\harvested\Tomato__Tomato_YellowLeaf__Curl_Virus~~038.jpg,Tomato__Tomato_YellowLeaf__Curl_Virus,0.003021240234375,181,0.0027618408203125,32.91549301147461
C:\ml\agrobot\backgrounds\harvested\Tomato_Leaf_Mold~~034.jpg,Tomato_Leaf_Mold,0.0071563720703125,169,0.0025787353515625,47.1963996887207
C:\ml\agrobot\backgrounds\harvested\Potato___healthy~~013.jpg,Potato___healthy,0.0030517578125,150,0.002288818359375,40.250362396240234
C:\ml\agrobot\backgrounds\harvested\Tomato__Tomato_mosaic_virus~~023.jpg,Tomato__Tomato_mosaic_virus,0.002197265625,144,0.002197265625,44.6712646484375
C:\ml\agrobot\backgrounds\harvested\Potato___healthy~~030.jpg,Potato___healthy,0.002197265625,144,0.002197265625,31.07249641418457
C:\ml\agrobot\backgrounds\harvested\Potato___healthy~~008.jpg,Potato___healthy,0.0057220458984375,134,0.002044677734375,30.149627685546875
C:\ml\agrobot\backgrounds\harvested\Tomato_healthy~~023.jpg,Tomato_healthy,0.006927490234375,130,0.001983642578125,50.10036087036133
C:\ml\agrobot\backgrounds\harvested\Tomato_Leaf_Mold~~007.jpg,Tomato_Leaf_Mold,0.00189208984375,124,0.00189208984375,31.047500610351562
C:\ml\agrobot\backgrounds\harvested\Potato___Early_blight~~035.jpg,Potato___Early_blight,0.0033111572265625,121,0.0018463134765625,38.7620964050293
C:\ml\agrobot\backgrounds\harvested\Tomato_Late_blight~~038.jpg,Tomato_Late_blight,0.001953125,117,0.0017852783203125,22.549943923950195
C:\ml\agrobot\backgrounds\harvested\Tomato__Tomato_mosaic_virus~~036.jpg,Tomato__Tomato_mosaic_virus,0.002105712890625,110,0.001678466796875,44.98456573486328
C:\ml\agrobot\backgrounds\harvested\Tomato_healthy~~017.jpg,Tomato_healthy,0.002166748046875,108,0.00164794921875,45.36460494995117
C:\ml\agrobot\backgrounds\harvested\Potato___Early_blight~~037.jpg,Potato___Early_blight,0.0017242431640625,106,0.001617431640625,36.03123474121094
C:\ml\agrobot\backgrounds\harvested\Tomato_Late_blight~~004.jpg,Tomato_Late_blight,0.0018310546875,99,0.0015106201171875,28.740215301513672
C:\ml\agrobot\backgrounds\harvested\Tomato__Target_Spot~~038.jpg,Tomato__Target_Spot,0.003875732421875,96,0.00146484375,39.52846908569336
C:\ml\agrobot\backgrounds\harvested\Potato___healthy~~004.jpg,Potato___healthy,0.0014495849609375,95,0.0014495849609375,27.409746170043945
C:\ml\agrobot\backgrounds\harvested\Potato___healthy~~000.jpg,Potato___healthy,0.0019989013671875,93,0.0014190673828125,32.13823699951172
C:\ml\agrobot\backgrounds\harvested\Tomato_Spider_mites_Two_spotted_spider_mite~~033.jpg,Tomato_Spider_mites_Two_spotted_spider_mite,0.002105712890625,89,0.0013580322265625,49.81967544555664
C:\ml\agrobot\backgrounds\harvested\Tomato__Tomato_YellowLeaf__Curl_Virus~~003.jpg,Tomato__Tomato_YellowLeaf__Curl_Virus,0.0013427734375,88,0.0013427734375,21.30980682373047
C:\ml\agrobot\backgrounds\harvested\Tomato_Leaf_Mold~~019.jpg,Tomato_Leaf_Mold,0.0044708251953125,88,0.0013427734375,45.22444152832031
C:\ml\agrobot\backgrounds\harvested\Tomato__Tomato_mosaic_virus~~035.jpg,Tomato__Tomato_mosaic_virus,0.001739501953125,86,0.001312255859375,31.53317642211914
C:\ml\agrobot\backgrounds\harvested\Tomato_Spider_mites_Two_spotted_spider_mite~~008.jpg,Tomato_Spider_mites_Two_spotted_spider_mite,0.0030670166015625,65,0.0009918212890625,36.034706115722656
C:\ml\agrobot\backgrounds\harvested\Pepper__bell___Bacterial_spot~~009.jpg,Pepper__bell___Bacterial_spot,0.0011749267578125,60,0.00091552734375,42.913238525390625
C:\ml\agrobot\backgrounds\harvested\Potato___healthy~~007.jpg,Potato___healthy,0.0008392333984375,55,0.0008392333984375,27.335874557495117
C:\ml\agrobot\backgrounds\harvested\Potato___Early_blight~~009.jpg,Potato___Early_blight,0.000823974609375,54,0.000823974609375,34.52872085571289
C:\ml\agrobot\backgrounds\harvested\Pepper__bell___Bacterial_spot~~025.jpg,Pepper__bell___Bacterial_spot,0.005218505859375,52,0.00079345703125,33.71403884887695
C:\ml\agrobot\backgrounds\harvested\Tomato__Tomato_mosaic_virus~~018.jpg,Tomato__Tomato_mosaic_virus,0.0007171630859375,47,0.0007171630859375,33.564735412597656
C:\ml\agrobot\backgrounds\harvested\Tomato__Target_Spot~~005.jpg,Tomato__Target_Spot,0.0007171630859375,47,0.0007171630859375,42.72348403930664
C:\ml\agrobot\backgrounds\harvested\Potato___Early_blight~~000.jpg,Potato___Early_blight,0.00067138671875,44,0.00067138671875,35.0
C:\ml\agrobot\backgrounds\harvested\Tomato__Target_Spot~~016.jpg,Tomato__Target_Spot,0.001617431640625,43,0.0006561279296875,33.56709671020508
C:\ml\agrobot\backgrounds\harvested\Pepper__bell___healthy~~009.jpg,Pepper__bell___healthy,0.00244140625,43,0.0006561279296875,32.94692611694336
C:\ml\agrobot\backgrounds\harvested\Pepper__bell___Bacterial_spot~~030.jpg,Pepper__bell___Bacterial_spot,0.000640869140625,42,0.000640869140625,36.55902862548828
C:\ml\agrobot\backgrounds\harvested\Tomato_Leaf_Mold~~006.jpg,Tomato_Leaf_Mold,0.0005950927734375,39,0.0005950927734375,31.5
C:\ml\agrobot\backgrounds\harvested\Potato___healthy~~015.jpg,Potato___healthy,0.000579833984375,38,0.000579833984375,30.607860565185547
C:\ml\agrobot\backgrounds\harvested\Potato___healthy~~033.jpg,Potato___healthy,0.0008392333984375,37,0.0005645751953125,43.83491897583008
C:\ml\agrobot\backgrounds\harvested\Potato___Late_blight~~031.jpg,Potato___Late_blight,0.0012664794921875,37,0.0005645751953125,25.330501556396484
C:\ml\agrobot\backgrounds\harvested\Potato___Late_blight~~024.jpg,Potato___Late_blight,0.000518798828125,34,0.000518798828125,29.0
C:\ml\agrobot\backgrounds\harvested\Tomato_Late_blight~~014.jpg,Tomato_Late_blight,0.000518798828125,34,0.000518798828125,23.427518844604492
C:\ml\agrobot\backgrounds\harvested\Tomato_Spider_mites_Two_spotted_spider_mite~~024.jpg,Tomato_Spider_mites_Two_spotted_spider_mite,0.001922607421875,32,0.00048828125,37.193904876708984
C:\ml\agrobot\backgrounds\harvested\Tomato_Spider_mites_Two_spotted_spider_mite~~022.jpg,Tomato_Spider_mites_Two_spotted_spider_mite,0.001678466796875,31,0.0004730224609375,36.51432418823242
C:\ml\agrobot\backgrounds\harvested\Tomato_Septoria_leaf_spot~~019.jpg,Tomato_Septoria_leaf_spot,0.00042724609375,28,0.00042724609375,31.620973587036133
C:\ml\agrobot\backgrounds\harvested\Tomato__Target_Spot~~027.jpg,Tomato__Target_Spot,0.0010223388671875,28,0.00042724609375,37.52998733520508
C:\ml\agrobot\backgrounds\harvested\Tomato_Early_blight~~002.jpg,Tomato_Early_blight,0.0009765625,28,0.00042724609375,42.13371658325195
C:\ml\agrobot\backgrounds\harvested\Tomato__Tomato_mosaic_virus~~000.jpg,Tomato__Tomato_mosaic_virus,0.00079345703125,28,0.00042724609375,43.85487365722656
C:\ml\agrobot\backgrounds\harvested\Tomato__Tomato_mosaic_virus~~026.jpg,Tomato__Tomato_mosaic_virus,0.00042724609375,28,0.00042724609375,42.96001052856445
C:\ml\agrobot\backgrounds\harvested\Pepper__bell___Bacterial_spot~~035.jpg,Pepper__bell___Bacterial_spot,0.000579833984375,28,0.00042724609375,34.759891510009766
C:\ml\agrobot\backgrounds\harvested\Tomato__Tomato_YellowLeaf__Curl_Virus~~027.jpg,Tomato__Tomato_YellowLeaf__Curl_Virus,0.000396728515625,26,0.000396728515625,21.477548599243164
C:\ml\agrobot\backgrounds\harvested\Potato___Late_blight~~013.jpg,Potato___Late_blight,0.0006561279296875,24,0.0003662109375,32.07023620605469
C:\ml\agrobot\backgrounds\harvested\Tomato_Leaf_Mold~~009.jpg,Tomato_Leaf_Mold,0.0005950927734375,22,0.000335693359375,45.949302673339844
C:\ml\agrobot\backgrounds\harvested\Potato___healthy~~012.jpg,Potato___healthy,0.000335693359375,22,0.000335693359375,30.037477493286133
C:\ml\agrobot\backgrounds\harvested\Tomato_healthy~~028.jpg,Tomato_healthy,0.000335693359375,22,0.000335693359375,48.33822250366211
C:\ml\agrobot\backgrounds\harvested\Tomato__Tomato_mosaic_virus~~010.jpg,Tomato__Tomato_mosaic_virus,0.0003204345703125,21,0.0003204345703125,39.69485855102539
C:\ml\agrobot\backgrounds\harvested\Tomato__Target_Spot~~020.jpg,Tomato__Target_Spot,0.000518798828125,17,0.0002593994140625,38.02959442138672
C:\ml\agrobot\backgrounds\harvested\Potato___Late_blight~~025.jpg,Potato___Late_blight,0.0002593994140625,17,0.0002593994140625,30.536863327026367
C:\ml\agrobot\backgrounds\harvested\Potato___Late_blight~~032.jpg,Potato___Late_blight,0.000518798828125,17,0.0002593994140625,34.973876953125
C:\ml\agrobot\backgrounds\harvested\Tomato__Target_Spot~~022.jpg,Tomato__Target_Spot,0.0012359619140625,17,0.0002593994140625,32.140316009521484
C:\ml\agrobot\backgrounds\harvested\Potato___Early_blight~~012.jpg,Potato___Early_blight,0.0007781982421875,17,0.0002593994140625,39.727195739746094
C:\ml\agrobot\backgrounds\harvested\Tomato_Spider_mites_Two_spotted_spider_mite~~031.jpg,Tomato_Spider_mites_Two_spotted_spider_mite,0.00054931640625,14,0.000213623046875,43.525856018066406
C:\ml\agrobot\backgrounds\harvested\Tomato__Target_Spot~~002.jpg,Tomato__Target_Spot,0.0001678466796875,11,0.0001678466796875,39.27207946777344
C:\ml\agrobot\backgrounds\harvested\Tomato_Leaf_Mold~~012.jpg,Tomato_Leaf_Mold,0.0001678466796875,11,0.0001678466796875,47.34921646118164
C:\ml\agrobot\backgrounds\harvested\Tomato__Target_Spot~~031.jpg,Tomato__Target_Spot,0.0001678466796875,11,0.0001678466796875,36.03123474121094
C:\ml\agrobot\backgrounds\harvested\Tomato__Target_Spot~~024.jpg,Tomato__Target_Spot,0.0004425048828125,11,0.0001678466796875,37.060760498046875
C:\ml\agrobot\backgrounds\harvested\Potato___Late_blight~~017.jpg,Potato___Late_blight,0.0001068115234375,7,0.0001068115234375,37.20794677734375
C:\ml\agrobot\backgrounds\harvested\Tomato_Septoria_leaf_spot~~037.jpg,Tomato_Septoria_leaf_spot,0.0,0,0.0,28.292604446411133
C:\ml\agrobot\backgrounds\harvested\Pepper__bell___Bacterial_spot~~021.jpg,Pepper__bell___Bacterial_spot,0.0,0,0.0,22.549943923950195
C:\ml\agrobot\backgrounds\harvested\Tomato_Septoria_leaf_spot~~039.jpg,Tomato_Septoria_leaf_spot,0.0,0,0.0,39.263343811035156
C:\ml\agrobot\backgrounds\harvested\Pepper__bell___Bacterial_spot~~019.jpg,Pepper__bell___Bacterial_spot,0.0,0,0.0,12.678722381591797
C:\ml\agrobot\backgrounds\harvested\Pepper__bell___Bacterial_spot~~020.jpg,Pepper__bell___Bacterial_spot,0.0,0,0.0,24.300203323364258
C:\ml\agrobot\backgrounds\harvested\Tomato__Target_Spot~~021.jpg,Tomato__Target_Spot,0.0,0,0.0,27.207534790039062
C:\ml\agrobot\backgrounds\harvested\Potato___Late_blight~~039.jpg,Potato___Late_blight,0.0,0,0.0,28.853076934814453
C:\ml\agrobot\backgrounds\harvested\Potato___Late_blight~~038.jpg,Potato___Late_blight,0.0,0,0.0,33.64960479736328
C:\ml\agrobot\backgrounds\harvested\Potato___Late_blight~~035.jpg,Potato___Late_blight,0.0,0,0.0,35.53167724609375
C:\ml\agrobot\backgrounds\harvested\Tomato__Target_Spot~~017.jpg,Tomato__Target_Spot,0.0,0,0.0,29.05677032470703
C:\ml\agrobot\backgrounds\harvested\Pepper__bell___Bacterial_spot~~022.jpg,Pepper__bell___Bacterial_spot,0.0,0,0.0,20.279300689697266
C:\ml\agrobot\backgrounds\harvested\Tomato_Spider_mites_Two_spotted_spider_mite~~036.jpg,Tomato_Spider_mites_Two_spotted_spider_mite,0.0,0,0.0,30.588163375854492
C:\ml\agrobot\backgrounds\harvested\Pepper__bell___Bacterial_spot~~002.jpg,Pepper__bell___Bacterial_spot,0.0,0,0.0,35.032127380371094
C:\ml\agrobot\backgrounds\harvested\Tomato__Target_Spot~~003.jpg,Tomato__Target_Spot,0.0,0,0.0,29.077482223510742
C:\ml\agrobot\backgrounds\harvested\Tomato__Target_Spot~~004.jpg,Tomato__Target_Spot,0.0,0,0.0,38.059165954589844
C:\ml\agrobot\backgrounds\harvested\Tomato__Tomato_mosaic_virus~~014.jpg,Tomato__Tomato_mosaic_virus,0.0,0,0.0,44.43315887451172
C:\ml\agrobot\backgrounds\harvested\Tomato_Septoria_leaf_spot~~029.jpg,Tomato_Septoria_leaf_spot,0.0,0,0.0,52.5402946472168
C:\ml\agrobot\backgrounds\harvested\Tomato_Septoria_leaf_spot~~036.jpg,Tomato_Septoria_leaf_spot,0.0,0,0.0,22.748626708984375
C:\ml\agrobot\backgrounds\harvested\Tomato_Septoria_leaf_spot~~034.jpg,Tomato_Septoria_leaf_spot,0.0,0,0.0,30.66424560546875
C:\ml\agrobot\backgrounds\harvested\Tomato_Septoria_leaf_spot~~032.jpg,Tomato_Septoria_leaf_spot,0.0,0,0.0,28.01866912841797
C:\ml\agrobot\backgrounds\harvested\Tomato_Septoria_leaf_spot~~031.jpg,Tomato_Septoria_leaf_spot,0.0,0,0.0,38.52920913696289
C:\ml\agrobot\backgrounds\harvested\Tomato_Early_blight~~006.jpg,Tomato_Early_blight,0.0,0,0.0,38.11823654174805
C:\ml\agrobot\backgrounds\harvested\Potato___Late_blight~~020.jpg,Potato___Late_blight,0.0,0,0.0,31.14482307434082
C:\ml\agrobot\backgrounds\harvested\Tomato_Early_blight~~013.jpg,Tomato_Early_blight,0.0,0,0.0,20.068632125854492
C:\ml\agrobot\backgrounds\harvested\Potato___Late_blight~~027.jpg,Potato___Late_blight,0.0,0,0.0,38.48457336425781
C:\ml\agrobot\backgrounds\harvested\Tomato__Tomato_mosaic_virus~~002.jpg,Tomato__Tomato_mosaic_virus,0.0,0,0.0,40.741355895996094
C:\ml\agrobot\backgrounds\harvested\Tomato_Early_blight~~021.jpg,Tomato_Early_blight,0.0,0,0.0,44.06117630004883
C:\ml\agrobot\backgrounds\harvested\Tomato_Early_blight~~017.jpg,Tomato_Early_blight,0.0,0,0.0,26.436201095581055
C:\ml\agrobot\backgrounds\harvested\Tomato_Early_blight~~016.jpg,Tomato_Early_blight,0.0,0,0.0,31.28897476196289
C:\ml\agrobot\backgrounds\harvested\Tomato_Bacterial_spot~~021.jpg,Tomato_Bacterial_spot,0.0,0,0.0,23.547822952270508
C:\ml\agrobot\backgrounds\harvested\Tomato_Bacterial_spot~~022.jpg,Tomato_Bacterial_spot,0.0,0,0.0,20.457273483276367
C:\ml\agrobot\backgrounds\harvested\Tomato__Target_Spot~~035.jpg,Tomato__Target_Spot,0.0,0,0.0,35.032127380371094
C:\ml\agrobot\backgrounds\harvested\Tomato__Target_Spot~~034.jpg,Tomato__Target_Spot,0.0,0,0.0,33.549156188964844
C:\ml\agrobot\backgrounds\harvested\Tomato__Target_Spot~~030.jpg,Tomato__Target_Spot,0.0,0,0.0,38.52920913696289
C:\ml\agrobot\backgrounds\harvested\Tomato__Target_Spot~~039.jpg,Tomato__Target_Spot,0.0,0,0.0,41.85092544555664
C:\ml\agrobot\backgrounds\harvested\Tomato__Target_Spot~~033.jpg,Tomato__Target_Spot,0.0,0,0.0,35.16034698486328
C:\ml\agrobot\backgrounds\harvested\Tomato_Bacterial_spot~~035.jpg,Tomato_Bacterial_spot,0.0,0,0.0,20.7725772857666
C:\ml\agrobot\backgrounds\harvested\Tomato__Tomato_mosaic_virus~~017.jpg,Tomato__Tomato_mosaic_virus,0.0,0,0.0,42.10700607299805
C:\ml\agrobot\backgrounds\harvested\Tomato_Bacterial_spot~~005.jpg,Tomato_Bacterial_spot,0.0,0,0.0,22.051076889038086
C:\ml\agrobot\backgrounds\harvested\Tomato_Bacterial_spot~~015.jpg,Tomato_Bacterial_spot,0.0,0,0.0,20.056171417236328
C:\ml\agrobot\backgrounds\harvested\Tomato__Tomato_mosaic_virus~~016.jpg,Tomato__Tomato_mosaic_virus,0.0,0,0.0,30.647186279296875
C:\ml\agrobot\backgrounds\harvested\Potato___healthy~~028.jpg,Potato___healthy,0.0,0,0.0,39.556922912597656
C:\ml\agrobot\backgrounds\harvested\Tomato_healthy~~003.jpg,Tomato_healthy,0.0,0,0.0,49.114662170410156
C:\ml\agrobot\backgrounds\harvested\Potato___healthy~~034.jpg,Potato___healthy,0.0,0,0.0,43.05229568481445
C:\ml\agrobot\backgrounds\harvested\Potato___healthy~~029.jpg,Potato___healthy,0.0,0,0.0,37.15171432495117
C:\ml\agrobot\backgrounds\harvested\Tomato_Early_blight~~038.jpg,Tomato_Early_blight,0.0,0,0.0,30.166967391967773
C:\ml\agrobot\backgrounds\harvested\Tomato_healthy~~002.jpg,Tomato_healthy,0.0,0,0.0,47.6182746887207
C:\ml\agrobot\backgrounds\harvested\Potato___Late_blight~~018.jpg,Potato___Late_blight,0.0,0,0.0,27.035093307495117
C:\ml\agrobot\backgrounds\harvested\Tomato_Early_blight~~028.jpg,Tomato_Early_blight,0.0,0,0.0,25.044960021972656
C:\ml\agrobot\backgrounds\harvested\Potato___Late_blight~~008.jpg,Potato___Late_blight,0.0,0,0.0,26.126436233520508
C:\ml\agrobot\backgrounds\harvested\Tomato__Tomato_mosaic_virus~~001.jpg,Tomato__Tomato_mosaic_virus,0.0,0,0.0,42.02677536010742
C:\ml\agrobot\backgrounds\harvested\Tomato_Early_blight~~001.jpg,Tomato_Early_blight,0.0,0,0.0,37.32761001586914
C:\ml\agrobot\backgrounds\harvested\Tomato_Early_blight~~005.jpg,Tomato_Early_blight,0.0,0,0.0,45.024993896484375
C:\ml\agrobot\backgrounds\harvested\Tomato_Early_blight~~023.jpg,Tomato_Early_blight,0.0,0,0.0,22.102035522460938
C:\ml\agrobot\backgrounds\harvested\Potato___Late_blight~~004.jpg,Potato___Late_blight,0.0,0,0.0,23.547822952270508
C:\ml\agrobot\backgrounds\harvested\Potato___Late_blight~~006.jpg,Potato___Late_blight,0.0,0,0.0,26.499326705932617
C:\ml\agrobot\backgrounds\harvested\Tomato_healthy~~019.jpg,Tomato_healthy,0.0,0,0.0,49.61350631713867
C:\ml\agrobot\backgrounds\harvested\Tomato_healthy~~009.jpg,Tomato_healthy,0.0,0,0.0,46.58205032348633
C:\ml\agrobot\backgrounds\harvested\Tomato_healthy~~008.jpg,Tomato_healthy,0.0,0,0.0,48.669578552246094
C:\ml\agrobot\backgrounds\harvested\Tomato_healthy~~015.jpg,Tomato_healthy,0.0,0,0.0,46.97382736206055
C:\ml\agrobot\backgrounds\harvested\Tomato_healthy~~018.jpg,Tomato_healthy,0.0,0,0.0,39.61376190185547
C:\ml\agrobot\backgrounds\harvested\Tomato_healthy~~006.jpg,Tomato_healthy,0.0,0,0.0,52.54283905029297
C:\ml\agrobot\backgrounds\harvested\Tomato_healthy~~005.jpg,Tomato_healthy,0.0,0,0.0,46.048885345458984
C:\ml\agrobot\backgrounds\harvested\Potato___healthy~~039.jpg,Potato___healthy,0.0,0,0.0,32.051456451416016
C:\ml\agrobot\backgrounds\harvested\Tomato_healthy~~004.jpg,Tomato_healthy,0.0,0,0.0,50.80228042602539
C:\ml\agrobot\backgrounds\harvested\Potato___healthy~~038.jpg,Potato___healthy,0.0,0,0.0,38.6302490234375
C:\ml\agrobot\backgrounds\harvested\Potato___healthy~~037.jpg,Potato___healthy,0.0,0,0.0,34.329288482666016
C:\ml\agrobot\backgrounds\harvested\Tomato_healthy~~007.jpg,Tomato_healthy,0.0,0,0.0,45.377376556396484
C:\ml\agrobot\backgrounds\harvested\Tomato_healthy~~010.jpg,Tomato_healthy,0.0,0,0.0,44.204071044921875
C:\ml\agrobot\backgrounds\harvested\Potato___healthy~~035.jpg,Potato___healthy,0.0,0,0.0,35.12833786010742
C:\ml\agrobot\backgrounds\harvested\Potato___healthy~~036.jpg,Potato___healthy,0.0,0,0.0,28.855754852294922
C:\ml\agrobot\backgrounds\harvested\Potato___healthy~~011.jpg,Potato___healthy,0.0,0,0.0,29.869016647338867
C:\ml\agrobot\backgrounds\harvested\Potato___healthy~~014.jpg,Potato___healthy,0.0,0,0.0,20.71834945678711
C:\ml\agrobot\backgrounds\harvested\Tomato_healthy~~033.jpg,Tomato_healthy,0.0,0,0.0,42.52646255493164
C:\ml\agrobot\backgrounds\harvested\Tomato__Target_Spot~~012.jpg,Tomato__Target_Spot,0.0,0,0.0,34.565155029296875
C:\ml\agrobot\backgrounds\harvested\Pepper__bell___Bacterial_spot~~003.jpg,Pepper__bell___Bacterial_spot,0.0,0,0.0,19.5
C:\ml\agrobot\backgrounds\harvested\Tomato_Spider_mites_Two_spotted_spider_mite~~038.jpg,Tomato_Spider_mites_Two_spotted_spider_mite,0.0,0,0.0,37.87425231933594
C:\ml\agrobot\backgrounds\harvested\Tomato_Spider_mites_Two_spotted_spider_mite~~025.jpg,Tomato_Spider_mites_Two_spotted_spider_mite,0.0,0,0.0,32.751007080078125
C:\ml\agrobot\backgrounds\harvested\Tomato_Spider_mites_Two_spotted_spider_mite~~029.jpg,Tomato_Spider_mites_Two_spotted_spider_mite,0.0,0,0.0,29.038766860961914
C:\ml\agrobot\backgrounds\harvested\Pepper__bell___Bacterial_spot~~017.jpg,Pepper__bell___Bacterial_spot,0.0,0,0.0,20.44504737854004
C:\ml\agrobot\backgrounds\harvested\Pepper__bell___Bacterial_spot~~015.jpg,Pepper__bell___Bacterial_spot,0.0,0,0.0,27.516897201538086
C:\ml\agrobot\backgrounds\harvested\Pepper__bell___Bacterial_spot~~014.jpg,Pepper__bell___Bacterial_spot,0.0,0,0.0,49.22905731201172
C:\ml\agrobot\backgrounds\harvested\Pepper__bell___Bacterial_spot~~008.jpg,Pepper__bell___Bacterial_spot,0.0,0,0.0,31.678068161010742
C:\ml\agrobot\backgrounds\harvested\Pepper__bell___Bacterial_spot~~024.jpg,Pepper__bell___Bacterial_spot,0.0,0,0.0,23.639802932739258
C:\ml\agrobot\backgrounds\harvested\Pepper__bell___Bacterial_spot~~023.jpg,Pepper__bell___Bacterial_spot,0.0,0,0.0,26.548986434936523
C:\ml\agrobot\backgrounds\harvested\Potato___healthy~~020.jpg,Potato___healthy,0.0,0,0.0,42.81536102294922
C:\ml\agrobot\backgrounds\harvested\Potato___healthy~~021.jpg,Potato___healthy,0.0,0,0.0,44.114013671875
C:\ml\agrobot\backgrounds\harvested\Tomato_healthy~~020.jpg,Tomato_healthy,0.0,0,0.0,43.283164978027344
C:\ml\agrobot\backgrounds\harvested\Tomato_healthy~~021.jpg,Tomato_healthy,0.0,0,0.0,50.11237335205078
C:\ml\agrobot\backgrounds\harvested\Tomato_healthy~~022.jpg,Tomato_healthy,0.0,0,0.0,53.03108596801758
C:\ml\agrobot\backgrounds\harvested\Tomato_healthy~~024.jpg,Tomato_healthy,0.0,0,0.0,49.57708740234375
C:\ml\agrobot\backgrounds\harvested\Tomato_healthy~~025.jpg,Tomato_healthy,0.0,0,0.0,43.03831100463867
C:\ml\agrobot\backgrounds\harvested\Tomato_healthy~~030.jpg,Tomato_healthy,0.0,0,0.0,51.543670654296875
C:\ml\agrobot\backgrounds\harvested\Tomato_healthy~~035.jpg,Tomato_healthy,0.0,0,0.0,45.65782928466797
C:\ml\agrobot\backgrounds\harvested\Tomato_healthy~~031.jpg,Tomato_healthy,0.0,0,0.0,49.14496994018555
C:\ml\agrobot\backgrounds\harvested\Tomato_healthy~~032.jpg,Tomato_healthy,0.0,0,0.0,48.64809799194336
C:\ml\agrobot\backgrounds\harvested\Tomato__Tomato_mosaic_virus~~030.jpg,Tomato__Tomato_mosaic_virus,0.0,0,0.0,40.140377044677734
C:\ml\agrobot\backgrounds\harvested\Tomato__Tomato_YellowLeaf__Curl_Virus~~036.jpg,Tomato__Tomato_YellowLeaf__Curl_Virus,0.0,0,0.0,24.545875549316406
C:\ml\agrobot\backgrounds\harvested\Tomato__Tomato_mosaic_virus~~031.jpg,Tomato__Tomato_mosaic_virus,0.0,0,0.0,40.776832580566406
C:\ml\agrobot\backgrounds\harvested\Tomato__Tomato_mosaic_virus~~007.jpg,Tomato__Tomato_mosaic_virus,0.0,0,0.0,40.80747604370117
C:\ml\agrobot\backgrounds\harvested\Potato___healthy~~019.jpg,Potato___healthy,0.0,0,0.0,29.538110733032227
C:\ml\agrobot\backgrounds\harvested\Potato___healthy~~003.jpg,Potato___healthy,0.0,0,0.0,26.650188446044922
C:\ml\agrobot\backgrounds\harvested\Potato___healthy~~002.jpg,Potato___healthy,0.0,0,0.0,29.760364532470703
C:\ml\agrobot\backgrounds\harvested\Potato___healthy~~001.jpg,Potato___healthy,0.0,0,0.0,35.563323974609375
C:\ml\agrobot\backgrounds\harvested\Potato___Early_blight~~038.jpg,Potato___Early_blight,0.0,0,0.0,31.535694122314453
C:\ml\agrobot\backgrounds\harvested\Tomato_Late_blight~~008.jpg,Tomato_Late_blight,0.0,0,0.0,29.75288963317871
C:\ml\agrobot\backgrounds\harvested\Tomato_Late_blight~~001.jpg,Tomato_Late_blight,0.0,0,0.0,35.520381927490234
C:\ml\agrobot\backgrounds\harvested\Potato___healthy~~025.jpg,Potato___healthy,0.0,0,0.0,26.04323387145996
C:\ml\agrobot\backgrounds\harvested\Potato___healthy~~023.jpg,Potato___healthy,0.0,0,0.0,27.797861099243164
C:\ml\agrobot\backgrounds\harvested\Potato___healthy~~022.jpg,Potato___healthy,0.0,0,0.0,35.65810012817383
C:\ml\agrobot\backgrounds\harvested\Tomato_Leaf_Mold~~000.jpg,Tomato_Leaf_Mold,0.0,0,0.0,23.690715789794922
C:\ml\agrobot\backgrounds\harvested\Tomato_Late_blight~~032.jpg,Tomato_Late_blight,0.0,0,0.0,18.214405059814453
C:\ml\agrobot\backgrounds\harvested\Tomato__Tomato_mosaic_virus~~009.jpg,Tomato__Tomato_mosaic_virus,0.0,0,0.0,43.629119873046875
C:\ml\agrobot\backgrounds\harvested\Tomato__Tomato_mosaic_virus~~004.jpg,Tomato__Tomato_mosaic_virus,0.0,0,0.0,37.5
C:\ml\agrobot\backgrounds\harvested\Tomato__Tomato_mosaic_virus~~003.jpg,Tomato__Tomato_mosaic_virus,0.0,0,0.0,40.66241455078125
C:\ml\agrobot\backgrounds\harvested\Tomato_Bacterial_spot~~000.jpg,Tomato_Bacterial_spot,0.0,0,0.0,20.5548038482666
C:\ml\agrobot\backgrounds\harvested\Tomato__Tomato_mosaic_virus~~006.jpg,Tomato__Tomato_mosaic_virus,0.0,0,0.0,34.1650390625
C:\ml\agrobot\backgrounds\harvested\Potato___Early_blight~~028.jpg,Potato___Early_blight,0.0,0,0.0,34.645286560058594
C:\ml\agrobot\backgrounds\harvested\Potato___Early_blight~~030.jpg,Potato___Early_blight,0.0,0,0.0,32.0
C:\ml\agrobot\backgrounds\harvested\Potato___Early_blight~~032.jpg,Potato___Early_blight,0.0,0,0.0,40.0
C:\ml\agrobot\backgrounds\harvested\Potato___Early_blight~~034.jpg,Potato___Early_blight,0.0,0,0.0,26.714956283569336
C:\ml\agrobot\backgrounds\harvested\Tomato_Late_blight~~031.jpg,Tomato_Late_blight,0.0,0,0.0,15.074813842773438
C:\ml\agrobot\backgrounds\harvested\Potato___Early_blight~~026.jpg,Potato___Early_blight,0.0,0,0.0,31.604450225830078
C:\ml\agrobot\backgrounds\harvested\Potato___Early_blight~~023.jpg,Potato___Early_blight,0.0,0,0.0,30.12520980834961
C:\ml\agrobot\backgrounds\harvested\Potato___Early_blight~~019.jpg,Potato___Early_blight,0.0,0,0.0,39.02883529663086
C:\ml\agrobot\backgrounds\harvested\Tomato_Leaf_Mold~~016.jpg,Tomato_Leaf_Mold,0.0,0,0.0,36.373146057128906
C:\ml\agrobot\backgrounds\harvested\Tomato_Leaf_Mold~~018.jpg,Tomato_Leaf_Mold,0.0,0,0.0,30.945520401000977
C:\ml\agrobot\backgrounds\harvested\Potato___healthy~~009.jpg,Potato___healthy,0.0,0,0.0,28.539445877075195
C:\ml\agrobot\backgrounds\harvested\Potato___healthy~~010.jpg,Potato___healthy,0.0,0,0.0,29.282623291015625
C:\ml\agrobot\backgrounds\harvested\Tomato_Leaf_Mold~~015.jpg,Tomato_Leaf_Mold,0.0,0,0.0,20.621591567993164
C:\ml\agrobot\backgrounds\harvested\Tomato_Leaf_Mold~~013.jpg,Tomato_Leaf_Mold,0.0,0,0.0,27.041635513305664
C:\ml\agrobot\backgrounds\harvested\Tomato_Leaf_Mold~~008.jpg,Tomato_Leaf_Mold,0.0,0,0.0,30.734928131103516
C:\ml\agrobot\backgrounds\harvested\Potato___Early_blight~~017.jpg,Potato___Early_blight,0.0,0,0.0,29.652149200439453
C:\ml\agrobot\backgrounds\harvested\Potato___Early_blight~~003.jpg,Potato___Early_blight,0.0,0,0.0,41.02743148803711
C:\ml\agrobot\backgrounds\harvested\Tomato_Leaf_Mold~~003.jpg,Tomato_Leaf_Mold,0.0,0,0.0,35.384300231933594
C:\ml\agrobot\backgrounds\harvested\Tomato_Leaf_Mold~~002.jpg,Tomato_Leaf_Mold,0.0,0,0.0,23.048860549926758
C:\ml\agrobot\backgrounds\harvested\Pepper__bell___healthy~~012.jpg,Pepper__bell___healthy,0.0,0,0.0,26.04323387145996
C:\ml\agrobot\backgrounds\harvested\Tomato_Leaf_Mold~~035.jpg,Tomato_Leaf_Mold,0.0,0,0.0,29.193321228027344
C:\ml\agrobot\backgrounds\harvested\Tomato_Leaf_Mold~~031.jpg,Tomato_Leaf_Mold,0.0,0,0.0,30.605222702026367
C:\ml\agrobot\backgrounds\harvested\Tomato_Leaf_Mold~~029.jpg,Tomato_Leaf_Mold,0.0,0,0.0,32.11909103393555
C:\ml\agrobot\backgrounds\harvested\Tomato_Leaf_Mold~~027.jpg,Tomato_Leaf_Mold,0.0,0,0.0,31.83623695373535
C:\ml\agrobot\backgrounds\harvested\Tomato_Leaf_Mold~~025.jpg,Tomato_Leaf_Mold,0.0,0,0.0,29.555810928344727
C:\ml\agrobot\backgrounds\harvested\Tomato_Leaf_Mold~~024.jpg,Tomato_Leaf_Mold,0.0,0,0.0,26.04323387145996
C:\ml\agrobot\backgrounds\harvested\Tomato_Leaf_Mold~~021.jpg,Tomato_Leaf_Mold,0.0,0,0.0,38.542781829833984
C:\ml\agrobot\backgrounds\harvested\Tomato__Tomato_mosaic_virus~~029.jpg,Tomato__Tomato_mosaic_virus,0.0,0,0.0,35.90960693359375
C:\ml\agrobot\backgrounds\harvested\Potato___healthy~~018.jpg,Potato___healthy,0.0,0,0.0,33.03407287597656
C:\ml\agrobot\backgrounds\harvested\Potato___healthy~~016.jpg,Potato___healthy,0.0,0,0.0,29.652149200439453
C:\ml\agrobot\backgrounds\harvested\Potato___healthy~~006.jpg,Potato___healthy,0.0,0,0.0,32.32628631591797
C:\ml\agrobot\backgrounds\harvested\Potato___healthy~~005.jpg,Potato___healthy,0.0,0,0.0,34.645286560058594
C:\ml\agrobot\backgrounds\harvested\Pepper__bell___healthy~~036.jpg,Pepper__bell___healthy,0.0,0,0.0,19.118053436279297
C:\ml\agrobot\backgrounds\harvested\Pepper__bell___healthy~~037.jpg,Pepper__bell___healthy,0.0,0,0.0,29.576173782348633
C:\ml\agrobot\backgrounds\harvested\Potato___Early_blight~~001.jpg,Potato___Early_blight,0.0,0,0.0,31.06705093383789
C:\ml\agrobot\backgrounds\harvested\Potato___Early_blight~~002.jpg,Potato___Early_blight,0.0,0,0.0,32.61726760864258
C:\ml\agrobot\backgrounds\harvested\Tomato_Leaf_Mold~~020.jpg,Tomato_Leaf_Mold,0.0,0,0.0,28.539445877075195
C:\ml\agrobot\backgrounds\harvested\Tomato_Septoria_leaf_spot~~007.jpg,Tomato_Septoria_leaf_spot,0.0,0,0.0,38.053924560546875
C:\ml\agrobot\backgrounds\harvested\Pepper__bell___healthy~~034.jpg,Pepper__bell___healthy,0.0,0,0.0,37.55995178222656
C:\ml\agrobot\backgrounds\harvested\Pepper__bell___healthy~~028.jpg,Pepper__bell___healthy,0.0,0,0.0,32.66485595703125
C:\ml\agrobot\backgrounds\harvested\Tomato_Leaf_Mold~~037.jpg,Tomato_Leaf_Mold,0.0,0,0.0,34.1650390625
C:\ml\agrobot\backgrounds\harvested\Tomato_Leaf_Mold~~036.jpg,Tomato_Leaf_Mold,0.0,0,0.0,20.12950897216797
C:\ml\agrobot\backgrounds\harvested\Pepper__bell___healthy~~026.jpg,Pepper__bell___healthy,0.0,0,0.0,24.043508529663086
C:\ml\agrobot\backgrounds\harvested\Pepper__bell___healthy~~025.jpg,Pepper__bell___healthy,0.0,0,0.0,34.40628433227539
C:\ml\agrobot\backgrounds\harvested\Pepper__bell___healthy~~023.jpg,Pepper__bell___healthy,0.0,0,0.0,27.540878295898438
C:\ml\agrobot\backgrounds\harvested\Tomato_Septoria_leaf_spot~~004.jpg,Tomato_Septoria_leaf_spot,0.0,0,0.0,34.767356872558594
C:\ml\agrobot\backgrounds\harvested\Tomato_Septoria_leaf_spot~~012.jpg,Tomato_Septoria_leaf_spot,0.0,0,0.0,26.66927146911621
C:\ml\agrobot\backgrounds\harvested\Tomato_Septoria_leaf_spot~~008.jpg,Tomato_Septoria_leaf_spot,0.0,0,0.0,36.29454803466797
C:\ml\agrobot\backgrounds\harvested\Pepper__bell___healthy~~019.jpg,Pepper__bell___healthy,0.0,0,0.0,24.996809005737305
C:\ml\agrobot\backgrounds\harvested\Pepper__bell___healthy~~020.jpg,Pepper__bell___healthy,0.0,0,0.0,37.619808197021484
C:\ml\agrobot\backgrounds\harvested\Tomato__Tomato_mosaic_virus~~038.jpg,Tomato__Tomato_mosaic_virus,0.0,0,0.0,40.665809631347656
C:\ml\agrobot\backgrounds\harvested\Pepper__bell___healthy~~018.jpg,Pepper__bell___healthy,0.0,0,0.0,31.571348190307617
C:\ml\agrobot\backgrounds\harvested\Pepper__bell___healthy~~004.jpg,Pepper__bell___healthy,0.0,0,0.0,31.678068161010742
C:\ml\agrobot\backgrounds\harvested\Pepper__bell___healthy~~000.jpg,Pepper__bell___healthy,0.0,0,0.0,28.69668960571289
C:\ml\agrobot\backgrounds\harvested\Pepper__bell___Bacterial_spot~~039.jpg,Pepper__bell___Bacterial_spot,0.0,0,0.0,35.05533981323242
C:\ml\agrobot\backgrounds\harvested\Pepper__bell___healthy~~014.jpg,Pepper__bell___healthy,0.0,0,0.0,27.70379066467285
C:\ml\agrobot\backgrounds\harvested\Pepper__bell___Bacterial_spot~~038.jpg,Pepper__bell___Bacterial_spot,0.0,0,0.0,27.08320426940918
C:\ml\agrobot\backgrounds\harvested\Tomato_Septoria_leaf_spot~~027.jpg,Tomato_Septoria_leaf_spot,0.0,0,0.0,29.347061157226562
C:\ml\agrobot\backgrounds\harvested\Tomato_Septoria_leaf_spot~~025.jpg,Tomato_Septoria_leaf_spot,0.0,0,0.0,34.5
C:\ml\agrobot\backgrounds\harvested\Tomato_Septoria_leaf_spot~~026.jpg,Tomato_Septoria_leaf_spot,0.0,0,0.0,20.5548038482666
C:\ml\agrobot\backgrounds\harvested\Tomato_Septoria_leaf_spot~~021.jpg,Tomato_Septoria_leaf_spot,0.0,0,0.0,29.538110733032227
C:\ml\agrobot\backgrounds\harvested\Pepper__bell___healthy~~021.jpg,Pepper__bell___healthy,0.0,0,0.0,20.609464645385742
C:\ml\agrobot\backgrounds\harvested\Tomato_Septoria_leaf_spot~~001.jpg,Tomato_Septoria_leaf_spot,0.0,0,0.0,27.362539291381836
C:\ml\agrobot\backgrounds\harvested\Tomato_Leaf_Mold~~038.jpg,Tomato_Leaf_Mold,0.0,0,0.0,39.0977897644043
C:\ml\agrobot\backgrounds\harvested\Tomato_Septoria_leaf_spot~~016.jpg,Tomato_Septoria_leaf_spot,0.0,0,0.0,30.517141342163086
C:\ml\agrobot\backgrounds\harvested\Tomato_Septoria_leaf_spot~~018.jpg,Tomato_Septoria_leaf_spot,0.0,0,0.0,40.319190979003906
C:\ml\agrobot\backgrounds\harvested\Tomato_Septoria_leaf_spot~~020.jpg,Tomato_Septoria_leaf_spot,0.0,0,0.0,32.156585693359375
C:\ml\agrobot\backgrounds\harvested\Tomato__Tomato_mosaic_virus~~013.jpg,Tomato__Tomato_mosaic_virus,0.0,0,0.0,40.74923324584961
C:\ml\agrobot\backgrounds\harvested\Tomato__Tomato_mosaic_virus~~012.jpg,Tomato__Tomato_mosaic_virus,0.0,0,0.0,45.18271255493164
C:\ml\agrobot\backgrounds\harvested\Tomato__Tomato_mosaic_virus~~011.jpg,Tomato__Tomato_mosaic_virus,0.0,0,0.0,40.32051467895508
C:\ml\agrobot\backgrounds\harvested\Tomato_Spider_mites_Two_spotted_spider_mite~~019.jpg,Tomato_Spider_mites_Two_spotted_spider_mite,0.0,0,0.0,38.14773941040039
C:\ml\agrobot\backgrounds\harvested\Tomato_Septoria_leaf_spot~~015.jpg,Tomato_Septoria_leaf_spot,0.0,0,0.0,34.5325927734375
C:\ml\agrobot\backgrounds\harvested\Tomato_Spider_mites_Two_spotted_spider_mite~~015.jpg,Tomato_Spider_mites_Two_spotted_spider_mite,0.0,0,0.0,36.604461669921875
C:\ml\agrobot\backgrounds\harvested\Tomato_Spider_mites_Two_spotted_spider_mite~~014.jpg,Tomato_Spider_mites_Two_spotted_spider_mite,0.0,0,0.0,38.699893951416016
C:\ml\agrobot\backgrounds\harvested\Tomato_Spider_mites_Two_spotted_spider_mite~~009.jpg,Tomato_Spider_mites_Two_spotted_spider_mite,0.0,0,0.0,29.038766860961914
C:\ml\agrobot\backgrounds\harvested\Tomato_Spider_mites_Two_spotted_spider_mite~~010.jpg,Tomato_Spider_mites_Two_spotted_spider_mite,0.0,0,0.0,35.800193786621094
C:\ml\agrobot\backgrounds\harvested\Pepper__bell___Bacterial_spot~~032.jpg,Pepper__bell___Bacterial_spot,0.0,0,0.0,23.048860549926758
C:\ml\agrobot\backgrounds\harvested\Pepper__bell___Bacterial_spot~~031.jpg,Pepper__bell___Bacterial_spot,0.0,0,0.0,22.051076889038086
C:\ml\agrobot\backgrounds\harvested\Pepper__bell___Bacterial_spot~~027.jpg,Pepper__bell___Bacterial_spot,0.0,0,0.0,25.544078826904297
C:\ml\agrobot\backgrounds\harvested\Tomato_Spider_mites_Two_spotted_spider_mite~~039.jpg,Tomato_Spider_mites_Two_spotted_spider_mite,0.0,0,0.0,40.540672302246094
C:\ml\agrobot\backgrounds\harvested\Pepper__bell___Bacterial_spot~~026.jpg,Pepper__bell___Bacterial_spot,0.0,0,0.0,25.544078826904297
C:\ml\agrobot\backgrounds\harvested\Tomato_Septoria_leaf_spot~~014.jpg,Tomato_Septoria_leaf_spot,0.0,0,0.0,26.519725799560547
C:\ml\agrobot\backgrounds\harvested\Pepper__bell___healthy~~007.jpg,Pepper__bell___healthy,0.0,0,0.0,17.219175338745117
C:\ml\agrobot\backgrounds\harvested\Pepper__bell___Bacterial_spot~~005.jpg,Pepper__bell___Bacterial_spot,0.0,0,0.0,18.065608978271484
C:\ml\agrobot\backgrounds\harvested\Pepper__bell___healthy~~005.jpg,Pepper__bell___healthy,0.0,0,0.0,37.543922424316406
C:\ml\agrobot\backgrounds\harvested\Tomato__Tomato_mosaic_virus~~025.jpg,Tomato__Tomato_mosaic_virus,0.0,0,0.0,47.6182746887207
C:\ml\agrobot\backgrounds\harvested\Tomato__Tomato_mosaic_virus~~024.jpg,Tomato__Tomato_mosaic_virus,0.0,0,0.0,36.56159210205078
C:\ml\agrobot\backgrounds\harvested\Tomato__Tomato_mosaic_virus~~022.jpg,Tomato__Tomato_mosaic_virus,0.0,0,0.0,44.432533264160156
C:\ml\agrobot\backgrounds\harvested\Tomato__Tomato_mosaic_virus~~021.jpg,Tomato__Tomato_mosaic_virus,0.0,0,0.0,43.42009353637695
C:\ml\agrobot\backgrounds\harvested\Tomato__Tomato_mosaic_virus~~020.jpg,Tomato__Tomato_mosaic_virus,0.0,0,0.0,31.14872169494629
C:\ml\agrobot\backgrounds\harvested\Tomato__Tomato_mosaic_virus~~019.jpg,Tomato__Tomato_mosaic_virus,0.0,0,0.0,38.14773941040039
C:\ml\agrobot\backgrounds\harvested\Tomato__Tomato_YellowLeaf__Curl_Virus~~023.jpg,Tomato__Tomato_YellowLeaf__Curl_Virus,0.0,0,0.0,19.786359786987305
C:\ml\agrobot\backgrounds\harvested\Tomato__Tomato_YellowLeaf__Curl_Virus~~016.jpg,Tomato__Tomato_YellowLeaf__Curl_Virus,0.0,0,0.0,40.028114318847656
C:\ml\agrobot\backgrounds\harvested\Tomato__Tomato_YellowLeaf__Curl_Virus~~011.jpg,Tomato__Tomato_YellowLeaf__Curl_Virus,0.0,0,0.0,16.800296783447266
C:\ml\agrobot\backgrounds\harvested\Tomato__Tomato_YellowLeaf__Curl_Virus~~004.jpg,Tomato__Tomato_YellowLeaf__Curl_Virus,0.0,0,0.0,16.16322898864746
C:\ml\agrobot\backgrounds\harvested\Tomato_Septoria_leaf_spot~~028.jpg,Tomato_Septoria_leaf_spot,0.0,0,0.0,32.140316009521484
